crs-ref,PIQ-COURSE-UID,MDCO-COURSE-UID,MDCO-COURSECAT-UIDxSITE,MDCO-CAMPUSUID
1300,MEID-989.WELL-H,MDCO-MEID103.245,MDCO-MEID103.245-vcom.ahem.campus ,vcom.ahem.campus
1277,MEID-989.WELL-BCS,MDCO-MEID103.245,MDCO-MEID103.245-vcom.abry.campus,vcom.abry.campus
1107,MEID-989.WELL-RR,MDCO-MEID103.245,MDCO-MEID103.245-vcom.ardr.campus ,vcom.ardr.campus
1099,MEID-3,MDCO-MEID103.245,MDCO-MEID103.245-vcom.inab.campus ,vcom.inab.campus
1373,SURG-802.DAMC,MDCO-SURG802.206,N/A,N/A
1374,SURG-817.R,MDCO-SURG817.247,N/A,N/A
1372,SURG-815.B,MDCO-SURG815.383,MDCO-SURG815.383-vcom.abry.campus,vcom.abry.campus
1368,SURG-815.H,MDCO-SURG815.383,N/A,N/A
1371,SURG-857.R,MDCO-SURG857.201,MDCO-SURG857.201-vcom.ardr.campus,vcom.ardr.campus
1370,SURG-805.B,MDCO-SURG805.320,MDCO-SURG805.320-vcom.abry.campus,vcom.abry.campus
1369,SURG-814.D,MDCO-SURG814.124,N/A,N/A
1367,SURG-875.D,MDCO-SURG875.386,MDCO-SURG875.386-vcom.adll.campus,vcom.adll.campus
1366,SURG-865.H,MDCO-SURG865.183,N/A,N/A
1364,SURG-886.AIH,MDCO-SURG886.207,MDCO-SURG886.207-vcom.ahem.campus,vcom.ahem.campus
1363,SURG-836.D,MDCO-SURG836.338,MDCO-SURG836.338-vcom.adll.campus,vcom.adll.campus
1365,SURG-875.R,MDCO-SURG875.386,MDCO-SURG875.386-vcom.ardr.campus,vcom.ardr.campus
1362,SURG-801.B,MDCO-SURG801.218,MDCO-SURG801.218-vcom.abry.campus,vcom.abry.campus
1358,OBGY-914.W,MDCO-OBGY914.243,MDCO-OBGY914.243-vcom.ahwh.campus,vcom.ahwh.campus
1357,SURG-800.H,MDCO-SURG800.237,MDCO-SURG800.237-vcom.ahem.campus,vcom.ahem.campus
1359,OBGY-802.B,MDCO-OBGY802.107,MDCO-OBGY802.107-vcom.abry.campus,vcom.abry.campus
1361,SURG-810.D,MDCO-SURG810.109,N/A,N/A
1352,SURG-802.BBSW,MDCO-SURG802.206,MDCO-SURG802.206-vcom.abry.bbsw,vcom.abry.bbsw
1360,SURG-805.H,MDCO-SURG805.320,MDCO-SURG805.320-vcom.ahem.campus,vcom.ahem.campus
1356,SURG-806.R,MDCO-SURG806.203,MDCO-SURG806.203-vcom.ardr.campus,vcom.ardr.campus
1353,SURG-818.CCR,MDCO-SURG818.238,MDCO-SURG818.238-vcom.ardr.campus,vcom.ardr.campus
1354,SURG-832.R,MDCO-SURG832.261,MDCO-SURG832.261-vcom.ardr.campus,vcom.ardr.campus
1355,SURG-802.B,MDCO-SURG802.206,MDCO-SURG802.206-vcom.abry.campus,vcom.abry.campus
1337,NEXT-800.R,MDCO-NEXT800.185,MDCO-NEXT800.185-vcom.ardr.campus,vcom.ardr.campus
1341,MPSY-806.R,MDCO-MPSY806.342,MDCO-MPSY806.342-vcom.ardr.campus,vcom.ardr.campus
1351,SURG-800.D,MDCO-SURG800.237,MDCO-SURG800.237-vcom.adll.campus,vcom.adll.campus
1349,OBGY-802.D,MDCO-OBGY802.107,MDCO-OBGY802.107-vcom.adll.campus,vcom.adll.campus
1348,NEXT-800.D,MDCO-NEXT800.185,MDCO-NEXT800.185-vcom.adll.campus,vcom.adll.campus
1350,OBGY-809.AIR,MDCO-OBGY809.321,MDCO-OBGY809.321-vcom.ardr.campus,vcom.ardr.campus
1344,MRAD-801.W,MDCO-MRAD801.276,MDCO-MRAD801.276-vcom.ahwh.campus,vcom.ahwh.campus
1347,MRAD-802.H,MDCO-MRAD802.230,MDCO-MRAD802.230-vcom.ahem.campus,vcom.ahem.campus
1346,SURG-851.AIH,MDCO-SURG851.396,MDCO-SURG851.396-vcom.ahem.campus,vcom.ahem.campus
1336,OBGY-800.R,MDCO-OBGY800.327,MDCO-OBGY800.327-vcom.ardr.campus,vcom.ardr.campus
1345,SURG-802.WMH,MDCO-SURG802.206,MDCO-SURG802.206-vcom.ahwh.elective,vcom.ahwh.elective
1342,MRAD-999,MDCO-MRAD999.199,MDCO-MRAD999.199-vcom.inab.campus,vcom.inab.campus
1340,NEXT-800.H,MDCO-NEXT800.185,MDCO-NEXT800.185-vcom.ahem.campus,vcom.ahem.campus
1343,SURG-801.R,MDCO-SURG801.218,MDCO-SURG801.218-vcom.ardr.campus,vcom.ardr.campus
1338,OBGY-800.B,MDCO-OBGY800.327,MDCO-OBGY800.327-vcom.abry.campus,vcom.abry.campus
1339,MRAD-816.R,MDCO-MRAD816.317,MDCO-MRAD816.317-vcom.ardr.campus,vcom.ardr.campus
1335,MPED-800.B,MDCO-MPED800.112,MDCO-MPED800.112-vcom.abry.campus,vcom.abry.campus
1333,MPED-985,MDCO-MPED985.189,MDCO-MPED985.189-vcom.inab.campus,vcom.inab.campus
1334,MRAD-801.H,MDCO-MRAD801.276,MDCO-MRAD801.276-vcom.ahem.campus,vcom.ahem.campus
1332,MRAD-800.R,MDCO-MRAD800.367,MDCO-MRAD800.367-vcom.ardr.campus,vcom.ardr.campus
1331,MFCM-800.D,MDCO-MFCM800.140,MDCO-MFCM800.140-vcom.adll.campus,vcom.adll.campus
1330,MFCM-800.H,MDCO-MFCM800.140,MDCO-MFCM800.140-vcom.ahem.campus,vcom.ahem.campus
1328,MPAT-805.B,MDCO-MPAT805.295,MDCO-MPAT805.295-vcom.abry.campus,vcom.abry.campus
1327,MFCM-806.AIB,MDCO-MFCM806.286,MDCO-MFCM806.286-vcom.abry.campus,vcom.abry.campus
1329,MFCM-999,MDCO-MFCM999.205,MDCO-MFCM999.205-vcom.inab.campus,vcom.inab.campus
1326,MHUM-989,MDCO-MHUM989.1.376,MDCO-MHUM989.1.376-vcom.inab.campus,vcom.inab.campus
1325,MRAD-801.B,MDCO-MRAD801.276,MDCO-MRAD801.276-vcom.abry.campus,vcom.abry.campus
1323,MRAD-801.DRES,MDCO-MRAD801.276,MDCO-MRAD801.276-vcom.adll.residencybound,vcom.adll.residencybound
1324,MPED-800.W,MDCO-MPED800.112,MDCO-MPED800.112-vcom.ahwh.campus,vcom.ahwh.campus
1322,MRAD-816.D,MDCO-MRAD816.317,MDCO-MRAD816.317-vcom.adll.campus,vcom.adll.campus
1320,MPED-840.RURAL,MDCO-MPED840.144,MDCO-MPED840.144-vcom.inab.campus,vcom.inab.campus
1321,MRAD-802.R,MDCO-MRAD802.230,N/A,N/A
1319,MPED-837.R,MDCO-MPED837.250,MDCO-MPED837.250-vcom.ardr.campus,vcom.ardr.campus
1314,MPED-805.R,MDCO-MPED805.270,MDCO-MPED805.270-vcom.ardr.campus,vcom.ardr.campus
1298,MEID-818,MDCO-MEID818.359,N/A,N/A
1318,MPED-800.D,MDCO-MPED800.112,MDCO-MPED800.112-vcom.adll.campus,vcom.adll.campus
1317,MFCM-831.B,MDCO-MFCM831.123,MDCO-MFCM831.123-vcom.abry.campus,vcom.abry.campus
1316,MPED-802.CCC,MDCO-MPED802.310,MDCO-MPED802.310-vcom.adri.campus,vcom.adri.campus
1315,MRAD-800.H,MDCO-MRAD800.367,MDCO-MRAD800.367-vcom.ahem.campus,vcom.ahem.campus
1313,MPED-800.H,MDCO-MPED800.112,MDCO-MPED800.112-vcom.ahem.campus,vcom.ahem.campus
1310,MHUM-810,MDCO-MHUM810.370,MDCO-MHUM810.370-vcom.inab.campus,vcom.inab.campus
1307,MEID-837,MDCO-MEID837.101,MDCO-MEID837.101-vcom.inab.campus,vcom.inab.campus
1308,MFCM-837,MDCO-MFCM837.364,MDCO-MFCM837.364-vcom.rural.brownwood,vcom.rural.brownwood
1312,MPAT-801.B,MDCO-MPAT801.121,MDCO-MPAT801.121-vcom.abry.campus,vcom.abry.campus
1311,MPED-801.R,MDCO-MPED801.223,MDCO-MPED801.223-vcom.ardr.campus,vcom.ardr.campus
1309,MHUM-804,MDCO-MHUM804.168,MDCO-MHUM804.168-vcom.inab.campus,vcom.inab.campus
1305,MFCM-806.AID,MDCO-MFCM806.286,MDCO-MFCM806.286-vcom.adll.campus,vcom.adll.campus
1306,MHUM-819,MDCO-MHUM819.176,MDCO-MHUM819.176-vcom.inab.campus,vcom.inab.campus
1304,MHUM-827,MDCO-MHUM827.290,N/A,N/A
1303,MEID-999,MDCO-MEID999.178,MDCO-MEID999.178-vcom.inab.campus,vcom.inab.campus
1301,MEID-985,MDCO-MEID985.236,MDCO-MEID985.236-vcom.inab.campus,vcom.inab.campus
1302,MPED-806.CCC,MDCO-MPED806.110,MDCO-MPED806.110-vcom.adri.campus,vcom.adri.campus
1299,MHUM-821.R,MDCO-MHUM821.366,N/A,N/A
1295,MFCM-806.AIW,MDCO-MFCM806.286,MDCO-MFCM806.286-vcom.ahwh.campus,vcom.ahwh.campus
1292,MPAT-801.D,MDCO-MPAT801.121,MDCO-MPAT801.121-vcom.adll.campus,vcom.adll.campus
1297,MEID-989.SB2-BCS,MDCO-MEID989.4.373,MDCO-MEID989.4.373-vcom.abry.campus,vcom.abry.campus
1296,MEID-810,MDCO-MEID810.272,MDCO-MEID810.272-vcom.inab.campus,vcom.inab.campus
1290,MFCM-839.R,MDCO-MFCM839.295,MDCO-MFCM839.295-vcom.ardr.campus,vcom.ardr.campus
1288,MEID 706,MDCO-MEID706.312,N/A,N/A
1291,MFCM-806.AIC,MDCO-MFCM806.286,N/A,N/A
1289,MFCM-989.RR,MDCO-MFCM839.295,MDCO-MFCM839.295-vcom.ardr.campus,vcom.ardr.campus
1294,MEID-989.SB1-BCS,MDCO-MEID989.2.377,MDCO-MEID989.2.377-vcom.abry.campus,vcom.abry.campus
1293,MEID-989.D,MDCO-MEID840.508,N/A,N/A
1287,IMED-863.H,MDCO-IMED863.274,MDCO-IMED863.274-vcom.ahem.campus,vcom.ahem.campus
1286,MEID-822.ENMED,MDCO-MEID822.363,MDCO-MEID822.363-vcom.ahem.campus,vcom.ahem.campus
1283,MEID 713,MDCO-MEID713.242,N/A,N/A
1285,MEID 713 31E,MDCO-MEID713.242,N/A,N/A
1284,MEID 712 ENMED,MDCO-MEID712.356,N/A,N/A
1281,MEID 707,MDCO-MEID707.137,N/A,N/A
1282,IMED-934.D,MDCO-IMED934.369,MDCO-IMED934.369-vcom.adll.campus,vcom.adll.campus
1280,MEID-835.H,MDCO-MEID835.158,MDCO-MEID835.158-vcom.ahem.campus,vcom.ahem.campus
1278,IMED-999,MDCO-IMED999.194,MDCO-IMED999.194-vcom.inab.campus,vcom.inab.campus
1279,MEID-805,MDCO-MEID805.371,MDCO-MEID805.371-vcom.inab.campus,vcom.inab.campus
1276,MEID 606 ENMED,MDCO-MEID606.145,N/A,N/A
1274,MEID 711,MDCO-MEID711.147,N/A,N/A
1275,MEID 616 ENMED,MDCO-MEID616.258,N/A,N/A
1273,IMED-912.H,MDCO-IMED912.164,MDCO-IMED912.164-vcom.ahem.campus,vcom.ahem.campus
1272,MEID-000,MDCO-MEID100.116,MDCO-MEID100.116-vcom.inab.campus,vcom.inab.campus
1271,IMED-974,MDCO-IMED974.277,MDCO-IMED974.277-vcom.inab.campus,vcom.ahwh.campus
1259,MEID 616,MDCO-MEID616.258,N/A,N/A
1270,IMED-913.H,MDCO-IMED913.337,MDCO-IMED913.337-vcom.ahem.campus,vcom.ahem.campus
1267,IMED-972.BAMC,MDCO-IMED972.381,N/A,N/A
1269,MEID 607 ENMED,MDCO-MEID607.181,N/A,N/A
1268,MEID 607,MDCO-MEID607.181,N/A,N/A
1265,ITDE-642.H,MDCO-ITDE642.293,MDCO-ITDE642.293-vcom.ahem.campus,vcom.ahem.campus
1262,ITDE-641.H,MDCO-ITDE641.285,MDCO-ITDE641.285-vcom.ahem.campus,vcom.ahem.campus
1266,MEID 708,MDCO-MEID708.167,N/A,N/A
1263,MEID 706 ENMED,MDCO-MEID706.312,N/A,N/A
1264,MEID 704 ENMED,MDCO-MEID704.113,N/A,N/A
1261,IMED-941.H,MDCO-IMED941.133,MDCO-IMED941.133-vcom.ahem.campus,vcom.ahem.campus
1260,MEID 609,MDCO-MEID609.163,N/A,N/A
1257,IMED-830.B,MDCO-IMED830.368,MDCO-IMED830.368-vcom.abry.campus,vcom.abry.campus
1258,IMED-896.AIR,MDCO-IMED896.177,MDCO-IMED896.177-vcom.ardr.campus,vcom.ardr.campus
1256,MEID 605,MDCO-MEID605.141,N/A,N/A
1245,IMED-889.D,MDCO-IMED889.135,MDCO-IMED889.135-vcom.adll.campus,vcom.adll.campus
1252,MEID 620 ENMED,MDCO-MEID620.358,N/A,N/A
1251,IMED-830.H,MDCO-IMED830.368,MDCO-IMED830.368-vcom.ahem.campus,vcom.ahem.campus
1255,MEID 606,MDCO-MEID606.145,N/A,N/A
1254,IMED-898.D,MDCO-IMED898.120,MDCO-IMED898.120-vcom.adll.campus,vcom.adll.campus
1250,IMED-896.AID,MDCO-IMED896.177,MDCO-IMED896.177-vcom.adll.campus,vcom.adll.campus
1248,IMED-827.H,MDCO-IMED827.384,MDCO-IMED827.384-vcom.ahem.campus,vcom.ahem.campus
1253,IMED-956.HMDA,MDCO-IMED956.339,MDCO-IMED956.339-vcom.ahem.campus,vcom.ahem.campus
1249,IMED-831.CCTVA,MDCO-IMED831.314,MDCO-IMED831.314-vcom.military.atva,vcom.military.atva
1242,MEID 608,MDCO-MEID608.325,N/A,N/A
1243,IMED-833.D,MDCO-IMED833.134,MDCO-IMED833.134-vcom.adll.campus,vcom.adll.campus
1241,IMED-865.H,MDCO-IMED865.297,MDCO-IMED865.297-vcom.ahem.campus,vcom.ahem.campus
1247,IMED-896.AITVA,MDCO-IMED896.177,MDCO-IMED896.177-vcom.military.atva,vcom.military.atva
1246,IMED-831.CCH,MDCO-IMED831.314,MDCO-IMED831.314-vcom.ahem.campus,vcom.ahem.campus
1244,IMED-828.D,MDCO-IMED828.255,MDCO-IMED828.255-vcom.adll.campus,vcom.adll.campus
1240,IMED-869.D,MDCO-IMED869.151,MDCO-IMED869.151-vcom.adll.campus,vcom.adll.campus
1239,IMED-831.CCD,MDCO-IMED831.314,MDCO-IMED831.314-vcom.adll.campus,vcom.adll.campus
1238,IMED-831.CCB,MDCO-IMED831.314,MDCO-IMED831.314-vcom.abry.campus,vcom.abry.campus
1237,IMED-808.DRES,MDCO-IMED808.217,MDCO-IMED808.217-vcom.adll.residencybound,vcom.adll.residencybound
1236,IMED-824.H,MDCO-IMED824.311,MDCO-IMED824.311-vcom.ahem.campus,vcom.ahem.campus
1235,IMED-808.H,MDCO-IMED808.217,MDCO-IMED808.217-vcom.ahem.campus,vcom.ahem.campus
1234,IMED-804.W,MDCO-IMED804.283,MDCO-IMED804.283-vcom.ahwh.campus,vcom.ahwh.campus
1233,IMED-805.R,MDCO-IMED805.118,MDCO-IMED805.118-vcom.ardr.campus,vcom.ardr.campus
1232,IMED-806.D,MDCO-IMED806.131,MDCO-IMED806.131-vcom.adll.campus,vcom.adll.campus
1231,IMED-807.W,MDCO-IMED807.142,MDCO-IMED807.142-vcom.ahwh.campus,vcom.ahwh.campus
1229,IMED-800.H,MDCO-IMED800.175,MDCO-IMED800.175-vcom.ahem.campus,vcom.ahem.campus
1230,IMED-803.W,MDCO-IMED803.267,MDCO-IMED803.267-vcom.ahwh.campus,vcom.ahwh.campus
1228,IMED-804.R,MDCO-IMED804.283,MDCO-IMED804.283-vcom.ardr.campus,vcom.ardr.campus
1227,IMED-805.B,MDCO-IMED805.118,MDCO-IMED805.118-vcom.abry.campus,vcom.abry.campus
1226,IMED-804.B,MDCO-IMED804.283,MDCO-IMED804.283-vcom.abry.campus,vcom.abry.campus
1225,EMED-804.C,MDCO-EMED804.281,N/A,N/A
1224,EMED-809.R,MDCO-EMED809.221,MDCO-EMED809.221-vcom.ardr.campus,vcom.ardr.campus
1223,IMED-804.HKS,MDCO-IMED804.283,MDCO-IMED804.283-vcom.ahks.campus,vcom.ahks.campus
1220,IMED-806.R,MDCO-IMED806.131,MDCO-IMED806.131-vcom.ardr.bsw,vcom.ardr.bsw
1221,EMED-800.B,MDCO-EMED800.284,MDCO-EMED800.284-vcom.abry.campus,vcom.abry.campus
1222,IMED-806.H,MDCO-IMED806.131,MDCO-IMED806.131-vcom.ahem.campus,vcom.ahem.campus
1219,ANES-801.D,MDCO-ANES801.268,MDCO-ANES801.268-vcom.adll.campus,vcom.adll.campus
1217,IMED-806.B,MDCO-IMED806.131,N/A,N/A
1218,EMED-804.DAMC,MDCO-EMED804.281,N/A,N/A
1196,SURG-999,MDCO-SURG999.334,MDCO-SURG999.334-vcom.ahwh.campus,vcom.ahwh.campus
1216,IMED-807.R,MDCO-IMED807.142,MDCO-IMED807.142-vcom.ardr.campus,vcom.ardr.campus
1215,SURG-878.R,MDCO-SURG878.271,MDCO-SURG878.271-vcom.ardr.campus,vcom.ardr.campus
1214,IMED-800.B,MDCO-IMED800.175,MDCO-IMED800.175-vcom.abry.campus,vcom.abry.campus
1213,EMED-807.D,MDCO-EMED807.239,MDCO-EMED807.239-vcom.adll.campus,vcom.adll.campus
1212,IMED-800.D,MDCO-IMED800.175,MDCO-IMED800.175-vcom.adll.campus,vcom.adll.campus
1211,EMED-811.H,MDCO-EMED811.127,N/A,N/A
1210,EMED-800.W,MDCO-EMED800.284,MDCO-EMED800.284-vcom.ahwh.campus,vcom.ahwh.campus
1209,EMED-800.R,MDCO-EMED800.284,MDCO-EMED800.284-vcom.ardr.campus,vcom.ardr.campus
1208,EMED-989.D,MDCO-EMED989.228,MDCO-EMED989.228-vcom.adll.campus,vcom.adll.campus
1204,ANES-807.H,MDCO-ANES807.341,MDCO-ANES807.341-vcom.ahem.campus,vcom.ahem.campus
1192,ANES-807.B,MDCO-ANES807.341,MDCO-ANES807.341-vcom.abry.campus,vcom.abry.campus
1203,ANES-801.RBSW,MDCO-ANES801.268,MDCO-ANES801.268-vcom.ardr.bsw,vcom.ardr.campus
1202,ANES-999,MDCO-ANES999.191,MDCO-ANES999.191-vcom.inab.campus,vcom.inab.campus
1207,SURG-865.D,MDCO-SURG865.183,N/A,N/A
1205,ANES-810.R,MDCO-ANES810.345,MDCO-ANES810.345-vcom.ardr.campus,vcom.ardr.campus
1198,MHUM 603,MDCO-MHUM603.174,N/A,N/A
1201,SURG-985,MDCO-SURG985.193,MDCO-SURG985.193-vcom.inab.campus,vcom.inab.campus
1206,ANES-801.W,MDCO-ANES801.268,MDCO-ANES801.268-vcom.ahwh.campus,vcom.ahwh.campus
1199,SURG-848.R,MDCO-SURG848.204,MDCO-SURG848.204-vcom.ardr.campus,vcom.ardr.campus
1200,SURG-848.B,MDCO-SURG848.204,MDCO-SURG848.204-vcom.abry.campus,vcom.abry.campus
1195,SURG-877.W,MDCO-SURG877.331,MDCO-SURG877.331-vcom.ahwh.campus,vcom.ahwh.campus
1194,SURG-878.W,MDCO-SURG878.271,N/A,N/A
1193,SURG-821.H,MDCO-SURG821.251,N/A,N/A
1197,SURG-854.AID,MDCO-SURG854.208,MDCO-SURG854.208-vcom.adll.campus,vcom.adll.campus
1191,SURG-803.H,MDCO-SURG803.154,MDCO-SURG803.154-vcom.ahem.campus,vcom.ahem.campus
1189,OBGY-999,MDCO-OBGY999.202,MDCO-OBGY999.202-vcom.ahwh.campus,vcom.ahwh.campus
1190,SURG-816.AIH,MDCO-SURG816.378,MDCO-SURG816.378-vcom.ahem.campus,vcom.ahem.campus
1188,SURG-815.D,MDCO-SURG815.383,MDCO-SURG815.383-vcom.adll.campus,vcom.adll.campus
1187,SURG-816.AID,MDCO-SURG816.378,MDCO-SURG816.378-vcom.adll.campus,vcom.adll.campus
1186,SURG-818.CCB,MDCO-SURG818.238,N/A,N/A
1185,SURG-803.WMH,MDCO-SURG803.154,N/A,N/A
1184,SURG-802.R,MDCO-SURG802.206,MDCO-SURG802.206-vcom.ardr.campus,vcom.ardr.campus
1183,SURG-803.D,MDCO-SURG803.154,N/A,N/A
1182,SURG-864.D,MDCO-SURG864.179,MDCO-SURG864.179-vcom.adll.campus,vcom.adll.campus
1180,OBGY-809.AIH,MDCO-OBGY809.321,MDCO-OBGY809.321-vcom.ahem.campus,vcom.ahem.campus
1181,SURG-802.D,MDCO-SURG802.206,MDCO-SURG802.206-vcom.adll.campus,vcom.adll.campus
1179,OBGY-805.R,MDCO-OBGY805.231,MDCO-OBGY805.231-vcom.ardr.campus,vcom.ardr.campus
1178,OBGY-802.HMH,MDCO-OBGY802.107,MDCO-OBGY802.107-vcom.ahem.elective,vcom.ahem.elective
1177,SURG-801.D,MDCO-SURG801.218,MDCO-SURG801.218-vcom.adll.campus,vcom.adll.campus
1175,MRAD-985,MDCO-MRAD985.190,MDCO-MRAD985.190-vcom.inab.campus,vcom.inab.campus
1176,SURG-806.D,MDCO-SURG806.203,MDCO-SURG806.203-vcom.adll.campus,vcom.adll.campus
1173,SURG-818.CCD,MDCO-SURG818.238,MDCO-SURG818.238-vcom.adll.campus,vcom.adll.campus
1174,SURG-802.H,MDCO-SURG802.206,MDCO-SURG802.206-vcom.ahem.campus,vcom.ahem.campus
1172,OBGY-802.WMH,MDCO-OBGY802.107,N/A,N/A
1170,OBGY-803.D,MDCO-OBGY803.291,MDCO-OBGY803.291-vcom.adll.campus,vcom.adll.campus
1169,MRAD-821.B,MDCO-MRAD821.106,MDCO-MRAD821.106-vcom.abry.campus,vcom.abry.campus
1171,OBGY-917.AIH,MDCO-OBGY917.292,MDCO-OBGY917.292-vcom.ahem.campus,vcom.ahem.campus
1168,SURG-818.CCH,MDCO-SURG818.238,MDCO-SURG818.238-vcom.ahem.campus,vcom.ahem.campus
1167,SURG-800.R,MDCO-SURG800.237,MDCO-SURG800.237-vcom.ardr.campus,vcom.ardr.campus
1162,SURG-806.B,MDCO-SURG806.203,MDCO-SURG806.203-vcom.abry.campus,vcom.abry.campus
1165,SURG-803.B,MDCO-SURG803.154,MDCO-SURG803.154-vcom.abry.campus,vcom.abry.campus
1166,SURG-854.AIH,MDCO-SURG854.208,MDCO-SURG854.208-vcom.ahem.campus,vcom.ahem.campus
1163,SURG-800.B,MDCO-SURG800.237,MDCO-SURG800.237-vcom.abry.campus,vcom.abry.campus
1164,SURG-815.R,MDCO-SURG815.383,MDCO-SURG815.383-vcom.ardr.campus,vcom.ardr.campus
1160,OBGY-800.D,MDCO-OBGY800.327,MDCO-OBGY800.327-vcom.adll.campus,vcom.adll.campus
1161,OBGY-800.W,MDCO-OBGY800.327,MDCO-OBGY800.327-vcom.ahwh.campus,vcom.ahwh.campus
1157,MPSY-999,MDCO-MPSY999.336,MDCO-MPSY999.336-vcom.inab.campus,vcom.inab.campus
1158,MRAD-816.B,MDCO-MRAD816.317,MDCO-MRAD816.317-vcom.abry.campus,vcom.abry.campus
1155,MPED-999,MDCO-MPED999.196,MDCO-MPED999.196-vcom.inab.campus,vcom.inab.campus
1153,MPSY-814.R,MDCO-MPSY814.343,MDCO-MPSY814.343-vcom.ardr.campus,vcom.ardr.campus
1154,MPED-829.AIR,MDCO-MPED829.348,MDCO-MPED829.348-vcom.ardr.campus,vcom.ardr.campus
1156,MRAD-801.D,MDCO-MRAD801.276,MDCO-MRAD801.276-vcom.adll.campus,vcom.adll.campus
1151,MRAD-801.R,MDCO-MRAD801.276,MDCO-MRAD801.276-vcom.ardr.campus,vcom.ardr.campus
1159,OBGY-802.R,MDCO-OBGY802.107,MDCO-OBGY802.107-vcom.ardr.campus,vcom.ardr.campus
1152,MPSY-806.B,MDCO-MPSY806.342,MDCO-MPSY806.342-vcom.abry.campus,vcom.abry.campus
1150,MPSY-800.R,MDCO-MPSY800.224,MDCO-MPSY800.224-vcom.ardr.campus,vcom.ardr.campus
1148,MPSY-800.W,MDCO-MPSY800.224,MDCO-MPSY800.224-vcom.ahwh.campus,vcom.ahwh.campus
1149,MPSY-985,MDCO-MPSY985.192,MDCO-MPSY985.192-vcom.inab.campus,vcom.inab.campus
1147,MPSY-800.B,MDCO-MPSY800.224,MDCO-MPSY800.224-vcom.abry.campus,vcom.abry.campus
1146,NEXT-800.B,MDCO-NEXT800.185,MDCO-NEXT800.185-vcom.abry.campus,vcom.abry.campus
1145,MRAD-816.H,MDCO-MRAD816.317,MDCO-MRAD816.317-vcom.ahem.campus,vcom.ahem.campus
1144,MPSY-800.H,MDCO-MPSY800.224,MDCO-MPSY800.224-vcom.ahem.campus,vcom.ahem.campus
1143,MPED-829.AIC,MDCO-MPED829.348,MDCO-MPED829.348-vcom.adri.campus,vcom.adri.campus
1142,MPAT-805.W,MDCO-MPAT805.295,MDCO-MPAT805.295-vcom.ahwh.campus,vcom.ahwh.campus
1141,MHUM-824.T,MDCO-MHUM824.402,N/A,N/A
1139,MFCM-808.R,MDCO-MFCM808.395,MDCO-MFCM808.395-vcom.ardr.campus,vcom.ardr.campus
1140,MPED-814.R,MDCO-MPED814.346,MDCO-MPED814.346-vcom.ardr.campus,vcom.ardr.campus
1135,MFCM-801.R,MDCO-MFCM801.138,MDCO-MFCM801.138-vcom.ardr.campus,vcom.ardr.campus
1138,MFCM-806.AIS,MDCO-MFCM806.286,MDCO-MFCM806.286-vcom.bang.campus,vcom.bang.campus
1136,MPED-802.CCB,MDCO-MPED802.310,MDCO-MPED802.310-vcom.abry.campus,vcom.abry.campus
1137,MPED-805.C,MDCO-MPED805.270,N/A,N/A
1134,MPED-802.CCR,MDCO-MPED802.310,MDCO-MPED802.310-vcom.ardr.campus,vcom.ardr.campus
1133,MFCM-814.H,MDCO-MFCM814.303,N/A,N/A
1132,MHUM-809.D,MDCO-MHUM809.299,N/A,N/A
1129,MEID-999.RE,MDCO-MEID999.178,MDCO-MEID999.178-vcom.inab.campus,vcom.inab.campus
1127,MFCM-985,MDCO-MFCM985.330,MDCO-MFCM985.330-vcom.inab.campus,vcom.inab.campus
1128,MPED-801.RBSW,MDCO-MPED801.223,N/A,N/A
1131,MPED-800.R,MDCO-MPED800.112,MDCO-MPED800.112-vcom.ardr.campus,vcom.ardr.campus
1130,MPED-802.CCDAMC,MDCO-MPED802.310,N/A,N/A
1126,MFCM-801.D,MDCO-MFCM801.138,MDCO-MFCM801.138-vcom.adll.campus,vcom.adll.campus
1125,MFCM-800.R,MDCO-MFCM800.140,MDCO-MFCM800.140-vcom.ardr.campus,vcom.ardr.campus
1124,MPED-802.CCW,MDCO-MPED802.310,MDCO-MPED802.310-vcom.ahwh.campus,vcom.ahwh.campus
1123,MPAT-999,MDCO-MPAT999.195,MDCO-MPAT999.195-vcom.inab.campus,vcom.inab.campus
1121,MFCM-989.R,MDCO-MFCM839.295,MDCO-MFCM839.295-vcom.ardr.campus,vcom.ardr.campus
1122,MPED-802.CCD,MDCO-MPED802.310,MDCO-MPED802.310-vcom.adll.campus,vcom.adll.campus
1119,MFCM-806.AIR,MDCO-MFCM806.286,MDCO-MFCM806.286-vcom.ardr.campus,vcom.ardr.campus
1120,MHUM-821.D,MDCO-MHUM821.366,MDCO-MHUM821.366-vcom.adll.campus,vcom.adll.campus
1118,MFCM-808.D,MDCO-MFCM808.395,MDCO-MFCM808.395-vcom.adll.campus,vcom.adll.campus
1117,MHUM-824,MDCO-MHUM824.402,MDCO-MHUM824.402-vcom.atem.campus,vcom.atem.campus
1116,MEID-989.DAL,MDCO-MEID989.6.403,MDCO-MEID989.6.403-vcom.adll.campus,vcom.adll.campus
1108,MEID-989.SB2-H,MDCO-MEID989.4.373,MDCO-MEID989.4.373-vcom.ahem.campus,vcom.ahem.campus
1112,MFCM-800.B,MDCO-MFCM800.140,MDCO-MFCM800.140-vcom.abry.campus,vcom.abry.campus
1115,MPAT-801.R,MDCO-MPAT801.121,MDCO-MPAT801.121-vcom.ardr.campus,vcom.ardr.campus
1114,MHUM-999,MDCO-MHUM999.332,N/A,N/A
1113,MHUM-602,MDCO-MHUM602.171,MDCO-MHUM602.171-vcom.inab.campus,vcom.inab.campus
1111,MFCM-814.B,MDCO-MFCM814.303,N/A,N/A
1110,MHUM-815,MDCO-MHUM815.279,MDCO-MHUM815.279-vcom.inab.campus,vcom.inab.campus
1109,MEID-989.SB1-H,MDCO-MEID989.2.377,MDCO-MEID989.2.377-vcom.ahem.campus,vcom.ahem.campus
1105,MEID-821,MDCO-MEID821.219,N/A,N/A
1103,MEID-823,MDCO-MEID823.222,MDCO-MEID823.222-vcom.ahwh.campus,vcom.ahwh.campus
1104,MEID-850,MDCO-MEID850.357,MDCO-MEID850.357-vcom.ahem.campus,vcom.ahem.campus
1106,MEID-825.H,MDCO-MEID825.392,MDCO-MEID825.392-vcom.inab.campus,vcom.inab.campus
1102,MEID-822,MDCO-MEID822.363,MDCO-MEID822.363-vcom.ahwh.campus,vcom.ahwh.campus
1101,MEID-808,MDCO-MEID808.244,N/A,N/A
1096,MEID-804,MDCO-MEID804.248,N/A,N/A
1097,MEID-1,MDCO-MEID101.278,MDCO-MEID101.278-vcom.inab.campus,vcom.inab.campus
1100,MEID-622,MDCO-MEID622.372,MDCO-MEID622.372-vcom.rural.alice,vcom.rural.alice
1098,MEID-801,MDCO-MEID801.300,MDCO-MEID801.300-vcom.ardr.campus,vcom.ardr.campus
1095,IMED-803.AIM,MDCO-IMED803.267,MDCO-IMED803.267-vcom.abry.campus,vcom.abry.campus
1094,IMED-804.D,MDCO-IMED804.283,MDCO-IMED804.283-vcom.adll.campus,vcom.adll.campus
1093,MEID 617,MDCO-MEID617.385,N/A,N/A
1092,IMED-913.D,MDCO-IMED913.337,MDCO-IMED913.337-vcom.adll.campus,vcom.adll.campus
1091,IMED-834.D,MDCO-IMED834.130,MDCO-IMED834.130-vcom.adll.campus,vcom.adll.campus
1090,IMED-889.HMH,MDCO-IMED889.135,MDCO-IMED889.135-vcom.ahem.elective,vcom.ahem.elective
1089,MEID 609 ENMED,MDCO-MEID609.163,N/A,N/A
1088,MEID 708 ENMED,MDCO-MEID708.167,N/A,N/A
1085,MEID 704,MDCO-MEID704.113,N/A,N/A
1087,MEID 701,MDCO-MEID701.104,N/A,N/A
1086,IMED-856.R,MDCO-IMED856.152,MDCO-IMED856.152-vcom.ardr.campus,vcom.ardr.campus
1084,IMED-963.W,MDCO-IMED963.322,N/A,N/A
1083,IMED-920.D,MDCO-IMED920.382,MDCO-IMED920.382-vcom.adll.campus,vcom.adll.campus
1081,MEID 620,MDCO-MEID620.358,N/A,N/A
1082,MEID 619 ENMED,MDCO-MEID619.226,N/A,N/A
1079,IMED-896.AIH,MDCO-IMED896.177,MDCO-IMED896.177-vcom.ahem.campus,vcom.ahem.campus
1080,IMED-948.H,MDCO-IMED948.209,MDCO-IMED948.209-vcom.ahem.campus,vcom.ahem.campus
1078,EMED-811.W,MDCO-EMED811.127,MDCO-EMED811.127-vcom.ahwh.campus,vcom.ahwh.campus
1077,IMED-831.CCR,MDCO-IMED831.314,MDCO-IMED831.314-vcom.ardr.campus,vcom.ardr.campus
1076,IMED-830.R,MDCO-IMED830.368,MDCO-IMED830.368-vcom.ardr.campus,vcom.ardr.campus
1075,IMED-803.R,MDCO-IMED803.267,MDCO-IMED803.267-vcom.ardr.campus,vcom.ardr.campus
1071,IMED-830.D,MDCO-IMED830.368,MDCO-IMED830.368-vcom.adll.campus,vcom.adll.campus
1074,IMED-808.RSDMC,MDCO-IMED808.217,MDCO-IMED808.217-vcom.ardr.sdmc,vcom.ardr.sdmc
1072,IMED-852.R,MDCO-IMED852.306,MDCO-IMED852.306-vcom.ardr.campus,vcom.ardr.campus
1073,IMED-898.B,MDCO-IMED898.120,MDCO-IMED898.120-vcom.abry.campus,vcom.abry.campus
1069,MEID 617 ENMED,MDCO-MEID617.385,N/A,N/A
1070,MEID 711 ENMED,MDCO-MEID711.147,N/A,N/A
1066,MEID 618 ENMED,MDCO-MEID618.316,N/A,N/A
1065,MEID 618,MDCO-MEID618.316,N/A,N/A
1067,IMED-985,MDCO-IMED985.188,MDCO-IMED985.188-vcom.inab.campus,vcom.inab.campus
1068,IMED-819.D,MDCO-IMED819.126,MDCO-IMED819.126-vcom.adll.campus,vcom.adll.campus
1064,MEID 608 ENMED,MDCO-MEID608.325,N/A,N/A
1062,IMED-843.H,MDCO-IMED843.262,N/A,N/A
1063,IMED-803.B,MDCO-IMED803.267,MDCO-IMED803.267-vcom.abry.campus,vcom.abry.campus
1060,IMED-825.B,MDCO-IMED825.344,MDCO-IMED825.344-vcom.abry.campus,vcom.abry.campus
1061,IMED-827.D,MDCO-IMED827.384,MDCO-IMED827.384-vcom.adll.campus,vcom.adll.campus
1058,IMED-914.H,MDCO-IMED914.108,N/A,N/A
1052,IMED-804.H,MDCO-IMED804.283,MDCO-IMED804.283-vcom.ahem.campus,vcom.ahem.campus
1054,IMED-896.AIRBSW,MDCO-IMED896.177,MDCO-IMED896.177-vcom.ardr.campus,vcom.ardr.campus
1053,IMED-825.D,MDCO-IMED825.344,MDCO-IMED825.344-vcom.adll.campus,vcom.adll.campus
1050,IMED-807.H,MDCO-IMED807.142,MDCO-IMED807.142-vcom.ahem.campus,vcom.ahem.campus
1055,IMED-831.CCW,MDCO-IMED831.314,MDCO-IMED831.314-vcom.ahwh.campus,vcom.ahwh.campus
1059,EMED-985,MDCO-EMED985.187,MDCO-EMED985.187-vcom.inab.campus,vcom.inab.campus
1056,IMED-827.W,MDCO-IMED827.384,N/A,N/A
1057,IMED-833.H,MDCO-IMED833.134,MDCO-IMED833.134-vcom.ahem.campus,vcom.ahem.campus
1051,IMED-800.R,MDCO-IMED800.175,MDCO-IMED800.175-vcom.ardr.campus,vcom.ardr.campus
1048,IMED-803.H,MDCO-IMED803.267,MDCO-IMED803.267-vcom.ahem.campus,vcom.ahem.campus
1049,IMED-805.RNA,MDCO-IMED805.118,MDCO-IMED805.118-vcom.ardr.stdna,vcom.ardr.stdna
1047,ANES-801.H,MDCO-ANES801.268,MDCO-ANES801.268-vcom.ahem.campus,vcom.ahem.campus
1046,ANES-805.R,MDCO-ANES805.328,MDCO-ANES805.328-vcom.ardr.campus,vcom.ardr.campus
1045,SURG-816.AIR,MDCO-SURG816.378,N/A,N/A
1044,ANES-985,MDCO-ANES985.324,MDCO-ANES985.324-vcom.inab.campus,vcom.inab.campus
1043,OBGY-920.AIH,MDCO-OBGY920.114,N/A,N/A
1041,OBGY-985,MDCO-OBGY985.186,MDCO-OBGY985.186-vcom.inab.campus,vcom.inab.campus
1042,EMED-811.R,MDCO-EMED811.127,MDCO-EMED811.127-vcom.ardr.campus,vcom.ardr.campus
1037,MRAD-802.B,MDCO-MRAD802.230,MDCO-MRAD802.230-vcom.abry.campus,vcom.abry.campus
1039,MPSY-800.D,MDCO-MPSY800.224,MDCO-MPSY800.224-vcom.adll.campus,vcom.adll.campus
1038,MFCM-800.W,MDCO-MFCM800.140,MDCO-MFCM800.140-vcom.ahwh.campus,vcom.ahwh.campus
1040,MEID-985.RE,MDCO-MEID985.236,N/A,N/A
1034,OBGY-822.D,MDCO-OBGY822.347,N/A,N/A
1036,MEID 712,MDCO-MEID712.356,N/A,N/A
1035,SURG-803.RURAL,MDCO-SURG803.154,MDCO-SURG803.154-vcom.abee.campus,vcom.abee.campus
1033,MEID-989.H,MDCO-MEID840.508,N/A,N/A
1032,OBGY-800.H,MDCO-OBGY800.327,MDCO-OBGY800.327-vcom.ahem.campus,vcom.ahem.campus
1028,IMED-800.W,MDCO-IMED800.175,MDCO-IMED800.175-vcom.ahwh.campus,vcom.ahwh.campus
1024,EMED-800.H,MDCO-EMED800.284,MDCO-EMED800.284-vcom.ahem.campus,vcom.ahem.campus
1029,IMED-896.AIW,MDCO-IMED896.177,MDCO-IMED896.177-vcom.ahwh.campus,vcom.ahwh.campus
1025,EMED-805.B,MDCO-EMED805.362,MDCO-EMED805.362-vcom.abry.campus,vcom.abry.campus
1027,MRAD-800.D,MDCO-MRAD800.367,MDCO-MRAD800.367-vcom.adll.campus,vcom.adll.campus
1031,IMED-944.H,MDCO-IMED944.287,MDCO-IMED944.287-vcom.ahem.campus,vcom.ahem.campus
1030,EMED-999,MDCO-EMED999.197,MDCO-EMED999.197-vcom.inab.campus,vcom.inab.campus
1023,SURG-800.W,MDCO-SURG800.237,MDCO-SURG800.237-vcom.ahwh.campus,vcom.ahwh.campus
1026,ANES-801.AIM,MDCO-ANES801.268,MDCO-ANES801.268-vcom.abry.campus,vcom.abry.campus
1021,MPED-846.R,MDCO-MPED846.361,MDCO-MPED846.361-vcom.ardr.campus,vcom.ardr.campus
1018,MEID-828,MDCO-MEID828.280,MDCO-MEID828.280-vcom.inab.campus,vcom.inab.campus
1016,MEID 707 ENMED,MDCO-MEID707.137,N/A,N/A
1020,ANES-801.B,MDCO-ANES801.268,MDCO-ANES801.268-vcom.abry.campus,vcom.abry.campus
1022,MEID 605 ENMED,MDCO-MEID605.141,N/A,N/A
1019,MEID-829,MDCO-MEID829.401,MDCO-MEID829.401-vcom.inab.campus,vcom.inab.campus
1017,MEID 619,MDCO-MEID619.226,N/A,N/A
1014,EMED-800.D,MDCO-EMED800.284,MDCO-EMED800.284-vcom.adll.campus,vcom.adll.campus
1012,ANES-801.RSETON,MDCO-ANES801.268,MDCO-ANES801.268-vcom.ardr.seton,vcom.ardr.seton
1011,EMED-811.D,MDCO-EMED811.127,N/A,N/A
1013,ANES-803.CCH,MDCO-ANES803.122,MDCO-ANES803.122-vcom.ahem.campus,vcom.ahem.campus
1015,IMED-803.D,MDCO-IMED803.267,MDCO-IMED803.267-vcom.adll.campus,vcom.adll.campus
1005,IMED-807.B,MDCO-IMED807.142,MDCO-IMED807.142-vcom.abry.campus,vcom.abry.campus
1007,MEID 701 ENMED,MDCO-MEID701.104,N/A,N/A
1000,IMED-844.H,MDCO-IMED844.260,MDCO-IMED844.260-vcom.ahem.campus,vcom.ahem.campus
1009,MPAT-801.H,MDCO-MPAT801.121,MDCO-MPAT801.121-vcom.ahem.campus,vcom.ahem.campus
1006,EMED-809.B,MDCO-EMED809.221,MDCO-EMED809.221-vcom.abry.campus,vcom.abry.campus
1002,SURG-817.D,MDCO-SURG817.247,MDCO-SURG817.247-vcom.adll.campus,vcom.adll.campus
1010,IMED-898.R,MDCO-IMED898.120,MDCO-IMED898.120-vcom.ardr.campus,vcom.ardr.campus
1003,EMED-811.B,MDCO-EMED811.127,MDCO-EMED811.127-vcom.abry.campus,vcom.abry.campus
1001,IMED-803.RBSW,MDCO-IMED803.267,MDCO-IMED803.267-vcom.ardr.bsw,vcom.ardr.bsw
1004,IMED-940.D,MDCO-IMED940.119,N/A,N/A
1008,IMED-824.B,MDCO-IMED824.311,N/A,N/A