ref-num,BANNER-COURSE-UID,MDCO-COURSE-UID
1202,MEID 989: SPTP: WELLNESS WEEK,MDCO-MEID103.245
1144,MEID 989: SP TP WELLNESS WEEK,MDCO-MEID103.245
1359,SURG 888: NEUROSUR & CLIN NEUROSCI BLEND,MDCO-SURG888.323
1358,SURG 985: OFF CAMPUS SIE,MDCO-SURG985.193
1356,SURG 843: GENITOURINARY SURGERY,MDCO-SURG843.146
1355,SURG 872: SURG INNOV& TRANS RAPD ENG PRO,MDCO-SURG872.241
1357,SURG 865: OCULOPLASTIC SURG,MDCO-SURG865.183
1354,SURG 864: MIN INVASIVE SURG RESEARCH,MDCO-SURG864.179
1352,SURG 877: ORTHOPEDIC SPINE SURGERY,MDCO-SURG877.331
1353,SURG 893: GENERAL & BARIATRIC SURGERY,MDCO-SURG893.498
1351,SURG 999: ON CAMPUS SIE,MDCO-SURG999.334
1350,SURG 878: COLON & RECTAL SURGERY,MDCO-SURG878.271
1348,SURG 845: TRANSPLANT SURGERY,MDCO-SURG845.380
1349,SURG 886: OTOLARYNGOLOGY ACTING INTERN,MDCO-SURG886.207
1346,SURG 853: PODIATRY,MDCO-SURG853.351
1344,SURG 849: PEDIATRIC SURGERY,MDCO-SURG849.216
1347,SURG 875: TRAUMA SURGERY,MDCO-SURG875.386
1342,SURG 832: CARDIOVASCULAR & THORACIC SURG,MDCO-SURG832.261
1340,SURG 848: OPHTHALMOLOGY,MDCO-SURG848.204
1338,SURG 823: LIVER/KIDNEY TRANSPLANTATION,MDCO-SURG823.166
1345,SURG 854: ORTHOPEDIC SURGERY ACT INTERN,MDCO-SURG854.208
1343,SURG 857: OPHTHALMOLOGY-RETINA,MDCO-SURG857.201
1339,SURG 842: ADULT & PEDIATRIC UROLOGY,MDCO-SURG842.117
1337,SURG 836: ORTHOPEDIC HIP SURGERY,MDCO-SURG836.338
1341,SURG 821: ACUTE CARE SURGERY,MDCO-SURG821.251
1336,SURG 838: SURGICAL ONCOLOGY,MDCO-SURG838.379
1334,OBGY 999: ON CAMPUS SIE,MDCO-OBGY999.202
1335,SURG 803: GENERAL SURGERY,MDCO-SURG803.154
1332,SURG 818: SURGICAL INTENSIVE CARE UNIT,MDCO-SURG818.238
1331,SURG 815: UROLOGY,MDCO-SURG815.383
1330,SURG 817: VASCULAR SURGERY,MDCO-SURG817.247
1333,MRAD 816: INTERVENTIONAL RADIOLOGY,MDCO-MRAD816.317
1329,SURG 820: ENT SURGERY ELECTIVE,MDCO-SURG820.497
1328,OBGY 822: PEDIATRIC & ADOLESCENT GYNEC,MDCO-OBGY822.347
1319,OBGY 802: OBSTETRICS & GYNECOLOGY,MDCO-OBGY802.107
1324,OBGY 803: GYNECOLOGICAL ONCOLOGY,MDCO-OBGY803.291
1327,OBGY 917: GYNECOLOGY ONCOLOGY ACT INTERN,MDCO-OBGY917.292
1325,OBGY 914: UROGYNECOLOGY,MDCO-OBGY914.243
1326,OBGY 808: MATERNAL-FETAL MEDICINE,MDCO-OBGY808.172
1323,SURG 814: CARDIOTHORACIC SURGERY,MDCO-SURG814.124
1322,SURG 806: ORTHOPEDIC SURGERY,MDCO-SURG806.203
1320,OBGY 921: GYNECOLOGY & WOMENS HEALTH,MDCO-OBGY921.288
1321,MRAD 999: ON CAMPUS SIE,MDCO-MRAD999.199
1317,SURG 805: NEUROSURGERY,MDCO-SURG805.320
1318,SURG 802: OTOLARYNGOLOGY,MDCO-SURG802.206
1316,SURG 801: PLASTIC SURGERY,MDCO-SURG801.218
1315,SURG 800: SURGERY CLERKSHIP,MDCO-SURG800.237
1314,OBGY 805: REPRODUCTIVE ENDOCRINOLOGY,MDCO-OBGY805.231
1313,MPSY 999: ON CAMPUS SIE,MDCO-MPSY999.336
1312,OBGY 800: OBSTETRICS & GYNCLGY CLERKSHIP,MDCO-OBGY800.327
1310,MSCI 920: THE SCIENTIFIC BASIS OF MED,MDCO-MSCI920.389
1307,MPSY 814: OUTPAT PSYCH-ADDICT MED,MDCO-MPSY814.343
1308,MRAD 819: PEDIATRIC RADIOLOGY,MDCO-MRAD819.220
1306,MRAD 810: CURRENT CONCEPTS-NUCLEAR MED,MDCO-MRAD810.153
1309,OBGY 804: MATERNAL-FETAL MEDICINE,MDCO-OBGY804.495
1311,MRAD 985: OFF CAMPUS SIE,MDCO-MRAD985.190
1304,SURG 816: SURGERY ACTING INTERNSHIP,MDCO-SURG816.378
1305,SURG 810: ORAL/MAXILLOFACIAL SURGERY,MDCO-SURG810.109
1288,MRAD 806: CLINCL RESEARCH DESGN&APPL,MDCO-MRAD806.129
1301,OBGY 985: OFF CAMPUS SIE,MDCO-OBGY985.186
1300,OBGY 809: OBGYN ACTING INTERNSHIP,MDCO-OBGY809.321
1303,OBGY 920: UROGYNECOLOGY AI,MDCO-OBGY920.114
1302,MRAD 809: NEURORADIOLOGY,MDCO-MRAD809.182
1292,MRAD 802: RADIATION ONCOLOGY,MDCO-MRAD802.230
1296,MRAD 807: BODY IMAGING,MDCO-MRAD807.125
1299,MRAD 820: MUSCULOSKELETAL US - UPPER EXT,MDCO-MRAD820.309
1298,NEXT 800: NEUROLOGY CLERKSHIP,MDCO-NEXT800.185
1297,MRAD 811: PEDIATRIC IMAGING,MDCO-MRAD811.355
1293,MRAD 801: DIAGNOSTIC RADIOLOGY,MDCO-MRAD801.276
1291,MSCI 689: SPTP: INTRO CLNICAL PRAC,MDCO-MSCI689.494
1295,MRAD 800: RADIOLOGY CLERKSHIP,MDCO-MRAD800.367
1294,MRAD 820: MUSCULOSKELETAL US - UPPER EX,MDCO-MRAD820.309
1290,MPSY 985: OFF CAMPUS SIE,MDCO-MPSY985.192
1289,MRAD 812: RADIATION ONCOLOGY,MDCO-MRAD812.492
1287,MPED 834: PEDIATRIC COMBINED INPT & EMED,MDCO-MPED834.350
1283,MPAT 985: OFF CAMPUS SIE,MDCO-MPAT985.326
1286,MPED 849: INPAT PED HEMATOLOGY ONCOLOGY,MDCO-MPED849.161
1284,MPSY 800: PSYCHIATRY CLERKSHIP,MDCO-MPSY800.224
1285,MPSY 806: OUTPATIENT PSYCHIATRY,MDCO-MPSY806.342
1282,MPED 999: ON CAMPUS SIE,MDCO-MPED999.196
1281,MPED 823: MEDICAL GENETICS,MDCO-MPED823.170
1279,MPED 815: PEDIATRIC GASTROENTEROLOLGY,MDCO-MPED815.349
1280,MPED 824: PEDIATRIC HEMATOLOGY/ONCOLOGY,MDCO-MPED824.225
1270,MPED 804: PEDIATRIC CARDIOLOGY,MDCO-MPED804.215
1278,MPSY 802: CHILD & ADOLESCENT PSYCHIATRY,MDCO-MPSY802.264
1277,MPED 829: PEDIATRIC ACTING INTERNSHIP,MDCO-MPED829.348
1276,MPSY 811: ADVANCED OUTPATIENT,MDCO-MPSY811.254
1275,MPED 813: PEDIATRIC,MDCO-MPED813.212
1274,MPED 848: PEDIATRIC PULMONOLOGY,MDCO-MPED848.213
1272,MPSY 809: ADV INPATIENT PSYCH,MDCO-MPSY809.491
1271,MPSY 810: CONSULTATION//LIAISON PSYCH,MDCO-MPSY810.273
1273,MPSY 812: ADULT INPATIENT PSYCHIATRY,MDCO-MPSY812.253
1266,MPAT 801: ANATOMIC & CLINICAL PATHOLOGY,MDCO-MPAT801.121
1265,MPED 842: EVIDENCE BASED PARENTING:IN-AB,MDCO-MPED842.139
1256,MPED 985: OFF CAMPUS SIE,MDCO-MPED985.189
1267,MPED 814: PED & ADULT IMMUNOLOGY OP CARE,MDCO-MPED814.346
1269,MPAT 999: ON CAMPUS SIE,MDCO-MPAT999.195
1258,MPED 846: PEDIATRIC RHEUMATOLOGY,MDCO-MPED846.361
1268,MHUM 999: ON CAMPUS SIE,MDCO-MHUM999.332
1264,MPED 805: CHILD NEUROLOGY,MDCO-MPED805.270
1260,MPED 840: GENERAL PEDIATRICS OUTPATIENT,MDCO-MPED840.144
1263,MPED 802: NEONATAL INTENSIVE CARE UNIT,MDCO-MPED802.310
1259,MPED 837: ADOLESCENT MEDICINE,MDCO-MPED837.250
1262,MPED 807: INFECTIOUS DISEASE,MDCO-MPED807.487
1261,MPED 842: EVIDENCE BASED PARENTING: IN-A,MDCO-MPED842.139
1257,MPED 842: EVIDENCE BASED PARENTING,MDCO-MPED842.139
1253,MPAT 805: FORENSIC PATHOLOGY/MED EXAMNR,MDCO-MPAT805.295
1254,MHUM 822: INTRODUCTION TO RESEARCH,MDCO-MHUM822.304
1251,MPED 809: PEDIATRIC DIABETES CAMP,MDCO-MPED809.353
1252,MPED 810: PEDIATRIC EMERGENCY MEDICINE,MDCO-MPED810.488
1250,MPED 800: PEDIATRICS CLERKSHIP,MDCO-MPED800.112
1255,MHUM 819: MED FOREIGN LANG & CULT COMP:,MDCO-MHUM819.176
1243,MPAT 808: CYTOGENOMICS,MDCO-MPAT808.486
1247,MHUM 820: BUSINESS OF MED,MDCO-MHUM820.263
1241,MHUM 823: MEDICAL SCHOLARLY RESEARCH,MDCO-MHUM823.169
1248,MPED 801: PRIM PEDIATRIC CARE-COMMUNITY,MDCO-MPED801.223
1249,MPED 806: PEDIATRIC INTENSIVE CARE UNIT,MDCO-MPED806.110
1244,MHUM 825: SEXUALITY & MEDICINE,MDCO-MHUM825.387
1242,MHUM 821: RESEARCH PRACTICUM,MDCO-MHUM821.366
1246,MHUM 985: OFF CAMPUS SIE,MDCO-MHUM985.329
1245,MPED 812: PED ENDOCRIN & DIABETES,MDCO-MPED812.210
1240,MHUM 829: MEDICAL EDUCATION RESEARCH,MDCO-MHUM829.173
1239,MHUM 815: ESSENTIALS OF LEADERSHIP: IN-A,MDCO-MHUM815.279
1238,MHUM 602: MEDICAL SPANISH II,MDCO-MHUM602.171
1234,MHUM 808: MEDICAL HISTORY HUMANITIES,MDCO-MHUM808.484
1237,MHUM 809: HEALTHCARE ADMINISTRATION,MDCO-MHUM809.299
1235,MHUM 819: MED FOREIGN LANG & CULT COMP,MDCO-MHUM819.176
1236,MHUM 814: OPERS BORDER HLTH PREPAREINAB,MDCO-MHUM814.485
1233,MHUM 815: ESSENTIALS OF LEADERSHIP,MDCO-MHUM815.279
1228,MHUM 604: MEDICAL SPANISH IV,MDCO-MHUM604.315
1232,MHUM 601: MEDICAL SPANISH I,MDCO-MHUM601.305
1231,MHUM 810: SELF AND CULTURE: IN-AB,MDCO-MHUM810.370
1230,MHUM 806: PALLIATIVE MEDICINE,MDCO-MHUM806.482
1227,MHUM 603: MEDICAL SPANISH III,MDCO-MHUM603.174
1229,MHUM 804: MEDICAL EDUCATION,MDCO-MHUM804.168
1226,MHUM 803: MED HUMANITIES DIR RESEARCH,MDCO-MHUM803.481
1222,MFCM 817: INDIGENT HLTH CARE COMM HLTH,MDCO-MFCM817.477
1224,MHUM 810: SELF AND CULTURE,MDCO-MHUM810.370
1225,MHUM 802: DRCTD RESEARCH IN HIST OF MED,MDCO-MHUM802.480
1223,MFCM 999: ON CAMPUS SIE,MDCO-MFCM999.205
1221,MFCM 806: FAMILY MED ACTING INTERNSHIP,MDCO-MFCM806.286
1220,MHUM 807: FELLOWSHIPS IN LEADERSHIP,MDCO-MHUM807.483
1219,MFCM 837: RURAL COMMUNITY MEDICINE:IN-AB,MDCO-MFCM837.364
1214,MFCM 829: FAMILY MED ADVANCE CLINIC ROTA,MDCO-MFCM829.296
1213,MFCM 837: RURAL COMMUNITY MEDICINE:IN-A,MDCO-MFCM837.364
1218,MFCM 814: INPATIENT FAM MED ELECTIVE,MDCO-MFCM814.303
1210,MFCM 801: FAMILY MED OUTPATIENT CLINIC,MDCO-MFCM801.138
1217,MFCM 821: FAMILY PRAC CLINIC OUTPATIENT,MDCO-MFCM821.478
1215,MFCM 802: INDIGENT HEALTH CARE,MDCO-MFCM802.160
1216,MFCM 811: INTENSIVE CARE UNIT,MDCO-MFCM811.476
1211,MFCM 808: WOUND CARE,MDCO-MFCM808.395
1212,MHUM 814: OPERS BORDER HLTH PREPARE,MDCO-MHUM814.485
1209,MFCM 985: OFF CAMPUS SIE,MDCO-MFCM985.330
1208,MEID 989: SPTP: VASCULAR SURGERY AI,MDCO-SURG817.247
1195,MEID 989: SPTP: STARS HIGH VALUE CARE,MDCO-MEID829.401
1196,MEID 989: SPTP: THYROID PARATHYROID SURG,MDCO-SURG894.362
1207,MFCM 831: APPLIED MEDICAL ETHICS,MDCO-MFCM831.123
1203,MEID 989: SPTP: USMLE STEP 2CK REVIEW,MDCO-MEID808.244
1192,MEID 989: SPTP: USMLE STEP 2CK REV PREP,MDCO-MEID808.244
1194,MEID 989: SPTP: URGENT CARE,MDCO-MFCM839.295
1198,MEID 989: SPTP: SURGICAL INNOVATION,MDCO-SURG889.1
1201,MFCM 810: HEALTHCARE FOR THE UNDERSERVED,MDCO-MFCM810.149
1200,MEID 999: MEDICINE INTERDISCIPLINARY,MDCO-MEID999.178
1193,MEID 989: SPTP: SVC LEARN OPER LONE STAR,MDCO-MEID989.31.585
1206,MFCM 800: FAMILY MEDICINE CLERKSHIP,MDCO-MFCM800.140
1205,MFCM 837: RURAL COMMUNITY MEDICINE,MDCO-MFCM837.364
1199,MEID 989: SPTP: SVCLRN IMED IPE RESEARCH,MDCO-MEID989.32.586
1204,MEID 989: SPTP: USMLE EXTENDED STUDY,MDCO-MEID808.244
1197,MEID 989: SPTP: THYROID PARATHYROID SUR,MDCO-SURG894.362
1191,MEID 989: SPTP: RURAL COMMUNITY MED:INAB,MDCO-MFCM837.364
1190,MEID 989: SPTP: RURAL COMMUNITY MED,MDCO-MFCM837.364
1189,MEID 989: SP.TP: SEXUALITY AND MEDICINE,MDCO-MHUM825.387
1187,MEID 989: SPTP: SEXUAL ASSAULT FORENSIC,MDCO-EMED989.228
1188,MEID 989: SPTP: SEXUAL ASSAULT ADVOCACY,MDCO-MHUM989.1.376
1186,MEID 989: SPTP: SOCIAL DETERMNTS HEALTH,MDCO-MEID835.158
1185,MEID 989: SPTP: PRACT APP HSS IN CLINIC,MDCO-MEID818.359
1184,MEID 989: SPTP: ONCOLOGY - OUTPATIENT,MDCO-IMED857.564
1182,MEID 989: SPTP: EVIDENCE BASED IMAGING,MDCO-MRAD822.235
1183,MEID 989: SPTP: DERMATOLOGY MODULES,MDCO-IMED974.277
1180,MEID 989: SPTP: MSK ULTRASOUND LOWER EX,MDCO-MRAD821.106
1181,MEID 989: SPTP: PEDS ADOLESNT GYNECOLOGY,MDCO-OBGY822.347
1179,MEID 989: SPTP: OCULOPLASTIC SURGERY,MDCO-SURG865.183
1178,MEID 989: SPTP: PEDIATRIC ANESTHESIOLOGY,MDCO-ANES810.345
1177,MEID 989: SPTP: MSK ULTRASOUND LOWER EXT,MDCO-MRAD821.106
1174,MEID 989: SPTP: ONCOLOGY,MDCO-IMED913.337
1176,MEID 989: SPTP: MENTAL WELLNESS-CRISIS.,MDCO-MHUM824.402
1175,MEID 989: SPTP: MSK ULTRASOUND UPPER EX,MDCO-MRAD820.309
1173,MEID 989: SPTP: MSK ULTRASOUND UPPER EXT,MDCO-MRAD820.309
1172,MEID 989: SPTP: FUTURE DOC HS STEMMENTO,MDCO-MEID840.508
1171,MEID 989: SPTP: HYPERBARIC MEDICINE,MDCO-IMED972.381
1157,MEID 989: SPTP: PUBLIC HEALTH,MDCO-MFCM838.360
1170,MEID 989: SPTP: INTRO AEROSPACE HEALTH,MDCO-MEID989.9.584
1168,MEID 989: SPTP: EVIDENCE BASED PARENTING,MDCO-MPED842.139
1169,MEID 989: SPTP: MEDICINE DENTISTRY IPE,MDCO-MEID989.6.403
1167,MEID 989: SPTP: MD INTERNATIONAL FILMS,MDCO-MHUM826.412
1166,MEID 989: SPTP: MENTAL WELLNESS-CRISIS,MDCO-MHUM824.402
1165,MEID 989: SP TP: INTERDISCIPLINARY MED,MDCO-MEID999.178
1162,MEID 989: SPTP: HOSPICE CARE,MDCO-IMED852.306
1164,MEID 989: SPTP: INTRO TO RESEARCH,MDCO-MHUM822.304
1163,MEID 989: SPTP: LIFESTYLE MED BEHAVIOR,MDCO-MEID824.289
1161,MEID 989: SPTP: EBM CLINIC APPLICATION,MDCO-MEID836.227
1160,MEID 989: SPTP: CYTOGENOMICS,MDCO-MPAT808.486
1159,MEID 989: SPTP: MILITARY TRAINING,MDCO-MEID832.378
1158,MEID 989: SPTP: MILITARY TRAINING:IN-AB,MDCO-MEID832.378
1156,MEID 989: SPTP: NEUROLOGY CLERKSHIP,MDCO-NEXT800.185
1151,MEID 989: SPTP: ILLNESS SCRIPT COVID-19,MDCO-IMED967.418
1154,MEID 989: SPTP: FUTURE DOC HS STEMMENTOR,MDCO-MEID840.508
1150,MEID 989: SPTP: AI WITH CLINICAL APP,MDCO-MEID837.101
1155,MEID 989: SPTP: EMBRACE HEALTH,MDCO-MEID989.8.583
1152,MEID 989: SPTP: CLINICAL QI PRACTICUM,MDCO-MEID813.465
1153,MEID 989: SPTP: MENTAL WELLNESS CRISIS,MDCO-MHUM824.402
1147,MEID 989: SPTP: COLON AND RECTAL SURGERY,MDCO-SURG878.271
1148,MEID 989: SPTP: BUSINESS IMMERSION MED,MDCO-MEID989.7.582
1146,MEID 989: SPTP: CARDIOTHORACIC SURG AI,MDCO-SURG814.124
1149,MEID 989: SPTP: APPRECIATION OF HOSP OPS,MDCO-MEID834.105
1145,MEID 989: SPTP: APPLD MEDICAL ETHICS,MDCO-MFCM831.123
1143,MEID 810: CONNECT-COMM PATIENT PEERS,MDCO-MEID810.272
1142,MEID 808: USMLE STEP 2CK REVIEW & PREP:,MDCO-MEID808.244
1141,MEID 822: POM V,MDCO-MEID822.363
1140,MEID 985: SP. TP. IN-AB,MDCO-MEID985.236
1139,MEID 989: MUSCULOSKELETAL ULTRASOUND UP,MDCO-MRAD820.309
1136,MEID 820: CASE STUDY,MDCO-MEID820.265
1138,MEID 836: PRACTICAL APPLICATION OF EBM,MDCO-MEID836.227
1137,MEID 989: PEDIATRIC ADOLESCENT GYNCOLOG,MDCO-OBGY822.347
1134,MEID 989: FORENSIC PATH - MED EXAMINER,MDCO-MPAT805.295
1135,MEID 989: SP TP INTERDISCIPLINARY MED.,MDCO-MEID999.178
1126,MEID 989: FUTURE DOC HS STEM MENTOR EDU,MDCO-MEID840.508
1131,MEID 806: WILDERNESS & DISASTER MEDICINE,MDCO-MEID806.246
1133,MEID 835: HSS-CASE MGT SOCIAL DETER HLT,MDCO-MEID835.158
1132,MEID 828: CRITICAL INQUIRY & RESEARCH,MDCO-MEID828.280
1130,MEID 989: PEDIATRIC ADOLESCENT GYNCOLOGY,MDCO-OBGY822.347
1129,MEID 830: SRVCE LRNING IM/PHRM IPE,MDCO-MEID830.234
1128,MEID 817: HEALTH SYS SCIENCE - CAPSTONE,MDCO-MEID817.298
1127,MEID 821: POM IV,MDCO-MEID821.219
1121,MEID 816: INTERPROF DISASTER READINESS,MDCO-MEID816.308
1125,MEID 985: SPECIAL TOPIC,MDCO-MEID985.236
1123,MEID 810: CONNECT-COMM PATIENT PEERS: IN,MDCO-MEID810.272
1124,MEID 834: HSS - APPREC OF HOSPITAL OPS,MDCO-MEID834.105
1122,MEID 810: CONNECT-COMM PATIENT PE: IN-AB,MDCO-MEID810.272
1119,MEID 808: USMLE STEP 2CK REVIEW & PREP,MDCO-MEID808.244
1118,MEID 807: INTERNSHIP BOOTCAMP,MDCO-MEID807.180
1116,MEID 830: SERVICE LEARNING IM/PHARM IPE,MDCO-MEID830.234
1113,MEID 850: POM CAPSTONE,MDCO-MEID850.357
1117,MEID 825: VALUE BASED MEDICINE,MDCO-MEID825.392
1120,MEID 804: ACADEMIC MENTORING,MDCO-MEID804.248
1115,MEID 985: SP. TP.,MDCO-MEID985.236
1114,MEID 713: TRANSITION TO CLERKSHIP,MDCO-MEID713.242
1112,MEID 823: POM VI INTERPROF SOC & ETH DIL,MDCO-MEID823.222
1108,MEID 805: RESIDENCY & BEYOND: IN-AB,MDCO-MEID805.371
1111,MEID 708: INTEGUMENT MUSCULOSKELETAL,MDCO-MEID708.167
1101,MEID 685: DIRECTED STUDIES:IN-AB,MDCO-MEID685.136
1110,MEID 814: HEALTH SYSTEMS SCIENCE EDU,MDCO-MEID814.150
1109,MEID 751: REFRAMING CLINICAL CARE,MDCO-MEID751.365
1107,MEID 711: EVIDENCE BASED MEDICINE,MDCO-MEID711.147
1106,MEID 704: RENAL GENITOURINARY,MDCO-MEID704.113
1105,MEID 805: RESIDENCY & BEYOND,MDCO-MEID805.371
1104,MEID 712: POM III,MDCO-MEID712.356
1103,MEID 801: HLTH CARE ADV & PUBLIC POLICY,MDCO-MEID801.300
1102,MEID 701: HEMATOLOGY/ONCOLOGY,MDCO-MEID701.104
1100,MEID 804: ACADEMIC MENTORING: IN-AB,MDCO-MEID804.248
1098,"MEID 706: METABOLISM, GI, NUTRITION",MDCO-MEID706.312
1099,MEID 750: FOUNDATIONS IN HEALTH SYSTEMS,MDCO-MEID750.103
1097,MEID 691: RESEARCH,MDCO-MEID691.229
1096,MEID 707: ENDO & REPRO SCI,MDCO-MEID707.137
1092,IMED 963: NEUROLOGY OUTPATIENT,MDCO-IMED963.322
1095,MEID 619: PRACTICE OF MEDICINE I,MDCO-MEID619.226
1094,MEID 620: PRACTICE OF MEDICINE II,MDCO-MEID620.358
1093,MEID 685: DIRECTED STUDIES,MDCO-MEID685.136
1091,MEID 609: INTRODUCTION TO DISEASE,MDCO-MEID609.163
1090,MEID 618: MEDICAL STUDENT GRAND ROUNDS,MDCO-MEID618.316
1088,IMED 942: ANTI MICRO STEWARDSHIP,MDCO-IMED942.266
1089,MEID 605: FOUNDATIONS OF MEDICINE I,MDCO-MEID605.141
1087,MEID 617: RESPIRATORY,MDCO-MEID617.385
1086,IMED 882: CLINCL ENDOCRINOLOGY-DIABETES,MDCO-IMED882.128
1085,IMED 985: OFF CAMPUS SIE,MDCO-IMED985.188
1081,MEID 616: CARDIOVASCULAR,MDCO-MEID616.258
1084,MEID 607: MEDICAL GROSS ANATOMY,MDCO-MEID607.181
1083,IMED 914: OPHTHALMOLOGY,MDCO-IMED914.108
1082,IMED 884: ACADEMIC MEDICINE CLINIC,MDCO-IMED884.249
1074,IMED 889: CLINICAL NEPHROLOGY,MDCO-IMED889.135
1080,IMED 967: DEV ILLNESS SCRIPT COVID-19,MDCO-IMED967.418
1072,IMED 913: ONCOLOGY,MDCO-IMED913.337
1079,MEID 608: NEUROSCIENCE,MDCO-MEID608.325
1076,IMED 944: HEPATOLOGY INPATIENT,MDCO-IMED944.287
1078,IMED 972: UNDERSEA & HYPERBARIC MEDICINE,MDCO-IMED972.381
1077,MEID 606: FOUNDATIONS OF MEDICINE II,MDCO-MEID606.145
1073,IMED 943: INFECT DISEAS ORTHO PAT POPUL,MDCO-IMED943.157
1071,IMED 999: ON CAMPUS SIE,MDCO-IMED999.194
1075,IMED 965: NEUROLOGY INPATIENT,MDCO-IMED965.340
1070,IMED 956: ONCO-MEDICINE,MDCO-IMED956.339
1069,IMED 948: PALLIATIVE CARE INPATIENT,MDCO-IMED948.209
1067,IMED 957: ONCOLOGY HOSPITAL MEDICINE,MDCO-IMED957.333
1066,IMED 941: CONGESTIVE HEART FAILURE,MDCO-IMED941.133
1068,IMED 920: TRANSPLANT HEPATOLOGY,MDCO-IMED920.382
1064,IMED 947: PRIMARY CARE,MDCO-IMED947.111
1065,IMED 912: MALIGNANT HEMATOLOGY,MDCO-IMED912.164
1062,IMED 940: AMBULATORY CARDIOLOGY,MDCO-IMED940.119
1063,IMED 895: INTENSIVE CARE UNIT,MDCO-IMED895.416
1060,IMED 896: INTERNAL MEDICINE AI,MDCO-IMED896.177
1061,IMED 897: CRITICAL CARE,MDCO-IMED897.417
1059,IMED 890: SUB INTERNSHIP MED ONCOLOGY,MDCO-IMED890.390
1056,IMED 893: RESEARCH IN MEDICINE,MDCO-IMED893.374
1057,IMED 934: SLEEP MEDICINE,MDCO-IMED934.369
1058,IMED 898: AMBULATORY GENERAL MEDICINE,MDCO-IMED898.120
1054,IMED 866: CLINICAL NUTRITION,MDCO-IMED866.414
1055,IMED 891: PULMONARY & SLEEP MED ELECTIVE,MDCO-IMED891.354
1051,IMED 860: ADULT & PED ALLRGY&IMMUN OP,MDCO-IMED860.413
1053,IMED 869: HEMATOLOGY,MDCO-IMED869.151
1050,IMED 863: COMM BASED GERIATRIC CLINIC,MDCO-IMED863.274
1052,IMED 856: HEMATOLOGY/MEDICAL ONCOLOGY,MDCO-IMED856.152
1048,IMED 865: GASTROENTEROLOGY & HEPATOLOG,MDCO-IMED865.297
1049,IMED 867: PULMONARY CRITICAL CARE MED,MDCO-IMED867.415
1020,IMED 806: CLINICAL INFECTIOUS DISEASES,MDCO-IMED806.131
1047,IMED 848: AI IN INPATIENT GIM-HOSP SERV,MDCO-IMED848.412
1046,IMED 840: CLINICAL ENDOCRINOLOGY,MDCO-IMED840.407
1045,IMED 847: PULMONARY MEDICINE,MDCO-IMED847.411
1044,IMED 830: RHEUMATOLOGY,MDCO-IMED830.368
1041,IMED 831: MEDICAL ICU,MDCO-IMED831.314
1043,IMED 845: GASTROENTEROLOGY,MDCO-IMED845.409
1042,IMED 829: ADVANCED LUNG DISEASE II,MDCO-IMED829.252
1036,IMED 833: CLINICAL ENDOCRINOLOGY,MDCO-IMED833.134
1040,IMED 844: CARDIOLOGY INPATIENT,MDCO-IMED844.260
1039,ANES 803: ANESTHESIOLOGY CRITICAL CARE,MDCO-ANES803.122
1038,IMED 841: CLINICAL DERMATOLOGY,MDCO-IMED841.408
1037,IMED 850: AMBULATORY GEN MED ELECTIVE,MDCO-IMED850.400
1035,IMED 834: CLINICAL GASTROENTEROLOGY,MDCO-IMED834.130
1032,IMED 827: TRADITIONAL PULMONARY MEDICINE,MDCO-IMED827.384
1033,IMED 846: NEPHROLOGY CONSULT SERV,MDCO-IMED846.410
1034,IMED 828: ADVANCED LUNG DISEASE I,MDCO-IMED828.255
1026,IMED 814: HEMATOLOGY AND ONCOLOGY,MDCO-IMED814.102
1017,IMED 825: PALLIATIVE MED & END-OF-LIFE,MDCO-IMED825.344
1022,IMED 843: CARDIOLOGY OUTPATIENT,MDCO-IMED843.262
1031,EMED 817: PEDIATRIC EMERGENCY MEDICINE,MDCO-EMED817.214
1025,IMED 803: CLIN CARDIOLOGY & ELECTROCARD,MDCO-IMED803.267
1018,IMED 805: ALLERGY/CLINICAL IMMUNOLOGY,MDCO-IMED805.118
1027,IMED 820: CARDIOLOGY IMAGING,MDCO-IMED820.405
1030,IMED 819: BONE MARROW TRANSPLANT,MDCO-IMED819.126
1028,IMED 810: NEUROLOGY,MDCO-IMED810.313
1029,IMED 804: DERMATOLOGY,MDCO-IMED804.283
1024,IMED 823: HIV MEDICINE,MDCO-IMED823.406
1021,IMED 808: PHYS MED & REHAB IN/OUT PATNT,MDCO-IMED808.217
1016,IMED 824: NEUROLOGY,MDCO-IMED824.311
1023,IMED 842: IMMUNOLOGY ELEM MECH INFLAMTN,MDCO-IMED842.156
1019,IMED 807: GASTROENTEROLOGY,MDCO-IMED807.142
1015,EMED 807: TOXICOLOGY,MDCO-EMED807.239
1014,EMED 805: PRE-HOSPITAL MEDICINE (EMS),MDCO-EMED805.362
1012,EMED 985: OFF CAMPUS SIE,MDCO-EMED985.187
1013,EMED 999: ON CAMPUS SIE,MDCO-EMED999.197
1010,ANES 805: OBSTETRIC ANESTHESIOLOGY,MDCO-ANES805.328
1001,IMED 800: INTERNAL MEDICINE CLERKSHIP,MDCO-IMED800.175
1004,EMED 809: POINT OF CARE ULTRASOUND,MDCO-EMED809.221
1000,ANES 999: ON CAMPUS SIE,MDCO-ANES999.191
1011,ANES 810: PEDIATRIC ANESTHESIOLOGY,MDCO-ANES810.345
1005,ANES 801: CLINICAL ANESTHESIOLOGY,MDCO-ANES801.268
1003,EMED 804: EMERGENCY MEDICINE,MDCO-EMED804.281
1009,ANES 985: OFF CAMPUS SIE,MDCO-ANES985.324
1007,ANES 802: ANESTHESIOLOGY,MDCO-ANES802.404
1006,ANES 807: PAIN CLINIC,MDCO-ANES807.341
1008,EMED 811: CAREER EXPLORATION- EMERG MED,MDCO-EMED811.127
1002,EMED 800: EMERGENCY MEDICINE CLERKSHIP,MDCO-EMED800.284