ref-num,MDCO-COURSE-UID,MDCO-COURSE-UID-NAME,MDCO-COURSE-CATEGORY,MDCO-COURSE-NAME,MDCO-COURSE-MDCODE
1165,MDCO-MEID103.245,MDCO-MEID103.245:WELLNESS WEEK,ELECTIVE,WELLNESS WEEK,MEID 103
1185,MDCO-MFCM839.295,MDCO-MFCM839.295:URGENT CARE,ELECTIVE,URGENT CARE,MFCM 839
1324,MDCO-IMED905.210,MDCO-IMED905.210:INPATIENT MEDICINE NOCTURNIST,ELECTIVE,INPATIENT MEDICINE NOCTURNIST,IMED 905
1323,MDCO-MEID105.117,MDCO-MEID105.117:ADVISING WEEK,ELECTIVE,ADVISING WEEK,MEID 105
1322,MDCO-MEID838.230,MDCO-MEID838.230:PUBLIC HEALTH AND SOCIAL MEDIA RESEARCH OF HEALTH FADS,ELECTIVE,PUBLIC HEALTH AND SOCIAL MEDIA RESEARCH OF HEALTH FADS,MEID 838
1321,MDCO-SURG859.125,MDCO-SURG859.125:CARDIOTHORACIC SURGERY ACTING INTERNSHIP,ELECTIVE,CARDIOTHORACIC SURGERY ACTING INTERNSHIP,SURG 859
1320,MDCO-SURG847.110,MDCO-SURG847.110:ORAL MAXILLOFACIAL SURGERY SUBINTERNSHIP,ELECTIVE,ORAL MAXILLOFACIAL SURGERY SUBINTERNSHIP,SURG 847
1319,MDCO-OBGY811.245,MDCO-OBGY811.245:INTEGRATED HEALTH IN OBSTETRICS AND GYNECOLOGY,ELECTIVE,INTEGRATED HEALTH IN OBSTETRICS AND GYNECOLOGY,OBGY 811
1318,MDCO-MSCI615.321,MDCO-MSCI615.321:INTRO MED PHYSIOLOGY,GRADUATE,INTRO MED PHYSIOLOGY,MSCI 615
1317,MDCO-IMED838.237,MDCO-IMED838.237:INPATIENT GENERAL INTERNAL MEDICINE,ELECTIVE,INPATIENT GENERAL INTERNAL MEDICINE,IMED 838
1307,MDCO-MPAT985.326,MDCO-MPAT985.326:OFF CAMPUS SIE,ELECTIVE,OFF CAMPUS SIE,MPAT 985
1315,MDCO-SURG999.334,MDCO-SURG999.334:ON CAMPUS SIE,ELECTIVE,ON CAMPUS SIE,SURG 999
1316,MDCO-OBGY985.186,MDCO-OBGY985.186:OFF CAMPUS SIE,ELECTIVE,OFF CAMPUS SIE,OBGY 985
1314,MDCO-MRAD985.190,MDCO-MRAD985.190:OFF CAMPUS SIE,ELECTIVE,OFF CAMPUS SIE,MRAD 985
1313,MDCO-SURG878.271,MDCO-SURG878.271:COLON & RECTAL SURGERY,ELECTIVE,COLON & RECTAL SURGERY,SURG 878
1295,MDCO-MRAD999.199,MDCO-MRAD999.199:ON CAMPUS SIE,ELECTIVE,ON CAMPUS SIE,MRAD 999
1306,MDCO-OBGY999.202,MDCO-OBGY999.202:ON CAMPUS SIE,ELECTIVE,ON CAMPUS SIE,OBGY 999
1310,MDCO-MHUM985.329,MDCO-MHUM985.329:OFF CAMPUS SIE,ELECTIVE,OFF CAMPUS SIE,MHUM 985
1312,MDCO-EMED985.187,MDCO-EMED985.187:OFF CAMPUS SIE,ELECTIVE,OFF CAMPUS SIE,EMED 985
1311,MDCO-MPED985.189,MDCO-MPED985.189:OFF CAMPUS SIE,ELECTIVE,OFF CAMPUS SIE,MPED 985
1309,MDCO-SURG889.1,MDCO-SURG889.1:SURGICAL INNOVATION,ELECTIVE,SURGICAL INNOVATION,SURG 889
1308,MDCO-SURG985.193,MDCO-SURG985.193:OFF CAMPUS SIE,ELECTIVE,OFF CAMPUS SIE,SURG 985
1305,MDCO-IMED985.188,MDCO-IMED985.188:OFF CAMPUS SIE,ELECTIVE,OFF CAMPUS SIE,IMED 985
1303,MDCO-ANES985.324,MDCO-ANES985.324:OFF CAMPUS SIE,ELECTIVE,OFF CAMPUS SIE,ANES 985
1304,MDCO-MPSY985.192,MDCO-MPSY985.192:OFF CAMPUS SIE,ELECTIVE,OFF CAMPUS SIE,MPSY 985
1302,MDCO-MFCM985.330,MDCO-MFCM985.330:OFF CAMPUS SIE,ELECTIVE,OFF CAMPUS SIE,MFCM 985
1300,MDCO-MPED999.196,MDCO-MPED999.196:ON CAMPUS SIE,ELECTIVE,ON CAMPUS SIE,MPED 999
1301,MDCO-MFCM999.205,MDCO-MFCM999.205:ON CAMPUS SIE,ELECTIVE,ON CAMPUS SIE,MFCM 999
1299,MDCO-IMED999.194,MDCO-IMED999.194:ON CAMPUS SIE,ELECTIVE,ON CAMPUS SIE,IMED 999
1297,MDCO-EMED999.197,MDCO-EMED999.197:ON CAMPUS SIE,ELECTIVE,ON CAMPUS SIE,EMED 999
1296,MDCO-MHUM999.332,MDCO-MHUM999.332:ON CAMPUS SIE,ELECTIVE,ON CAMPUS SIE,MHUM 999
1298,MDCO-MPAT999.195,MDCO-MPAT999.195:ON CAMPUS SIE,ELECTIVE,ON CAMPUS SIE,MPAT 999
1291,MDCO-SURG886.207,MDCO-SURG886.207:OTOLARYNGOLOGY ACTING INTERN,ELECTIVE,OTOLARYNGOLOGY ACTING INTERN,SURG 886
1288,MDCO-SURG893.498,MDCO-SURG893.498:GENERAL & BARIATRIC SURGERY,ELECTIVE,GENERAL & BARIATRIC SURGERY,SURG 893
1294,MDCO-SURG888.323,MDCO-SURG888.323:NEUROSUR & CLIN NEUROSCI BLEND,ELECTIVE,NEUROSUR & CLIN NEUROSCI BLEND,SURG 888
1289,MDCO-SURG894.362,MDCO-SURG894.362:THYROID AND PARATHYROID SURGERY,ELECTIVE,THYROID AND PARATHYROID SURGERY,SURG 894
1293,MDCO-MPSY999.336,MDCO-MPSY999.336:ON CAMPUS SIE,ELECTIVE,ON CAMPUS SIE,MPSY 999
1292,MDCO-SURG877.331,MDCO-SURG877.331:ORTHOPEDIC SPINE SURGERY,ELECTIVE,ORTHOPEDIC SPINE SURGERY,SURG 877
1290,MDCO-ANES999.191,MDCO-ANES999.191:ON CAMPUS SIE,ELECTIVE,ON CAMPUS SIE,ANES 999
1287,MDCO-SURG865.183,MDCO-SURG865.183:OCULOPLASTIC SURG,ELECTIVE,OCULOPLASTIC SURG,SURG 865
1286,MDCO-SURG842.117,MDCO-SURG842.117:ADULT & PEDIATRIC UROLOGY,ELECTIVE,ADULT & PEDIATRIC UROLOGY,SURG 842
1283,MDCO-SURG836.338,MDCO-SURG836.338:ORTHOPEDIC HIP SURGERY,ELECTIVE,ORTHOPEDIC HIP SURGERY,SURG 836
1285,MDCO-SURG802.206,MDCO-SURG802.206:OTOLARYNGOLOGY,ELECTIVE,OTOLARYNGOLOGY,SURG 802
1282,MDCO-SURG851.396,MDCO-SURG851.396:VASCULAR SURGERY ACTING INTERNSHIP,ELECTIVE,VASCULAR SURGERY ACTING INTERNSHIP,SURG 851
1284,MDCO-SURG838.379,MDCO-SURG838.379:SURGICAL ONCOLOGY,ELECTIVE,SURGICAL ONCOLOGY,SURG 838
1280,MDCO-SURG843.146,MDCO-SURG843.146:GENITOURINARY SURGERY,ELECTIVE,GENITOURINARY SURGERY,SURG 843
1281,MDCO-SURG848.204,MDCO-SURG848.204:OPHTHALMOLOGY,ELECTIVE,OPHTHALMOLOGY,SURG 848
1279,MDCO-SURG875.386,MDCO-SURG875.386:TRAUMA SURGERY,ELECTIVE,TRAUMA SURGERY,SURG 875
1278,MDCO-SURG849.216,MDCO-SURG849.216:PEDIATRIC SURGERY,ELECTIVE,PEDIATRIC SURGERY,SURG 849
1277,MDCO-SURG872.241,MDCO-SURG872.241:SURG INNOV& TRANS RAPD ENG PRO,ELECTIVE,SURG INNOV& TRANS RAPD ENG PRO,SURG 872
1275,MDCO-SURG810.109,MDCO-SURG810.109:ORAL/MAXILLOFACIAL SURGERY,ELECTIVE,ORAL/MAXILLOFACIAL SURGERY,SURG 810
1276,MDCO-SURG857.201,MDCO-SURG857.201:OPHTHALMOLOGY-RETINA,ELECTIVE,OPHTHALMOLOGY-RETINA,SURG 857
1274,MDCO-SURG823.166,MDCO-SURG823.166:LIVER/KIDNEY TRANSPLANTATION,ELECTIVE,LIVER/KIDNEY TRANSPLANTATION,SURG 823
1271,MDCO-SURG817.247,MDCO-SURG817.247:VASCULAR SURGERY,ELECTIVE,VASCULAR SURGERY,SURG 817
1273,MDCO-SURG818.238,MDCO-SURG818.238:SURGICAL INTENSIVE CARE UNIT,ELECTIVE,SURGICAL INTENSIVE CARE UNIT,SURG 818
1272,MDCO-SURG821.251,MDCO-SURG821.251:ACUTE CARE SURGERY,ELECTIVE,ACUTE CARE SURGERY,SURG 821
1270,MDCO-SURG814.124,MDCO-SURG814.124:CARDIOTHORACIC SURGERY,ELECTIVE,CARDIOTHORACIC SURGERY,SURG 814
1261,MDCO-SURG853.351,MDCO-SURG853.351:PODIATRY,ELECTIVE,PODIATRY,SURG 853
1260,MDCO-SURG803.154,MDCO-SURG803.154:GENERAL SURGERY,ELECTIVE,GENERAL SURGERY,SURG 803
1263,MDCO-OBGY920.114,MDCO-OBGY920.114:UROGYNECOLOGY AI,ELECTIVE,UROGYNECOLOGY AI,OBGY 920
1269,MDCO-SURG832.261,MDCO-SURG832.261:CARDIOVASCULAR & THORACIC SURG,ELECTIVE,CARDIOVASCULAR & THORACIC SURG,SURG 832
1264,MDCO-SURG854.208,MDCO-SURG854.208:ORTHOPEDIC SURGERY ACT INTERN,ELECTIVE,ORTHOPEDIC SURGERY ACT INTERN,SURG 854
1266,MDCO-OBGY917.292,MDCO-OBGY917.292:GYNECOLOGY ONCOLOGY ACT INTERN,ELECTIVE,GYNECOLOGY ONCOLOGY ACT INTERN,OBGY 917
1255,MDCO-OBGY802.107,MDCO-OBGY802.107:OBSTETRICS & GYNECOLOGY,ELECTIVE,OBSTETRICS & GYNECOLOGY,OBGY 802
1268,MDCO-SURG820.497,MDCO-SURG820.497:ENT SURGERY ELECTIVE,ELECTIVE,ENT SURGERY ELECTIVE,SURG 820
1267,MDCO-SURG806.203,MDCO-SURG806.203:ORTHOPEDIC SURGERY,ELECTIVE,ORTHOPEDIC SURGERY,SURG 806
1265,MDCO-SURG805.320,MDCO-SURG805.320:NEUROSURGERY,ELECTIVE,NEUROSURGERY,SURG 805
1259,MDCO-SURG816.378,MDCO-SURG816.378:SURGERY ACTING INTERNSHIP,ELECTIVE,SURGERY ACTING INTERNSHIP,SURG 816
1262,MDCO-SURG864.179,MDCO-SURG864.179:MIN INVASIVE SURG RESEARCH,ELECTIVE,MIN INVASIVE SURG RESEARCH,SURG 864
1258,MDCO-OBGY808.172,MDCO-OBGY808.172:MATERNAL-FETAL MEDICINE,ELECTIVE,MATERNAL-FETAL MEDICINE,OBGY 808
1257,MDCO-OBGY914.243,MDCO-OBGY914.243:UROGYNECOLOGY,ELECTIVE,UROGYNECOLOGY,OBGY 914
1256,MDCO-SURG801.218,MDCO-SURG801.218:PLASTIC SURGERY,ELECTIVE,PLASTIC SURGERY,SURG 801
1250,MDCO-OBGY921.288,MDCO-OBGY921.288:GYNECOLOGY & WOMEN'S HEALTH,ELECTIVE,GYNECOLOGY & WOMEN'S HEALTH,OBGY 921
1254,MDCO-NOC899.132,MDCO-NOC899.132:CRITICAL CARE LOGBOOKS,ELECTIVE,CRITICAL CARE LOGBOOKS,NOC 899
1252,MDCO-OBGY805.231,MDCO-OBGY805.231:REPRODUCTIVE ENDOCRINOLOGY,ELECTIVE,REPRODUCTIVE ENDOCRINOLOGY,OBGY 805
1253,MDCO-OBGY809.321,MDCO-OBGY809.321:OBGYN ACTING INTERNSHIP,ELECTIVE,OBGYN ACTING INTERNSHIP,OBGY 809
1251,MDCO-SURG845.380,MDCO-SURG845.380:TRANSPLANT SURGERY,ELECTIVE,TRANSPLANT SURGERY,SURG 845
1247,MDCO-MSCI920.389,MDCO-MSCI920.389:THE SCIENTIFIC BASIS OF MED,ELECTIVE,THE SCIENTIFIC BASIS OF MED,MSCI 920
1244,MDCO-OBGY804.495,MDCO-OBGY804.495:MATERNAL-FETAL MEDICINE,ELECTIVE,MATERNAL-FETAL MEDICINE,OBGY 804
1240,MDCO-MRAD821.106,MDCO-MRAD821.106:MUSCULOSKELETAL ULTRASOUND: LOWER EXTREMITY,ELECTIVE,MUSCULOSKELETAL ULTRASOUND: LOWER EXTREMITY,MRAD 821
1246,MDCO-OBGY803.291,MDCO-OBGY803.291:GYNECOLOGICAL ONCOLOGY,ELECTIVE,GYNECOLOGICAL ONCOLOGY,OBGY 803
1249,MDCO-SURG815.383,MDCO-SURG815.383:UROLOGY,ELECTIVE,UROLOGY,SURG 815
1248,MDCO-OBGY822.347,MDCO-OBGY822.347:PEDIATRIC & ADOLESCENT GYNEC,ELECTIVE,PEDIATRIC & ADOLESCENT GYNEC,OBGY 822
1245,MDCO-MRAD822.235,MDCO-MRAD822.235:EVIDENCE BASED IMAGING,ELECTIVE,EVIDENCE BASED IMAGING,MRAD 822
1241,MDCO-MSCI689.494,MDCO-MSCI689.494:SPTP: INTRO CLNICAL PRAC,ELECTIVE,SPTP: INTRO CLNICAL PRAC,MSCI 689
1243,MDCO-MRAD820.309,MDCO-MRAD820.309:MUSCULOSKELETAL US - UPPER EXT,ELECTIVE,MUSCULOSKELETAL US - UPPER EXT,MRAD 820
1242,MDCO-MRAD819.220,MDCO-MRAD819.220:PEDIATRIC RADIOLOGY,ELECTIVE,PEDIATRIC RADIOLOGY,MRAD 819
1239,MDCO-MPSY809.491,MDCO-MPSY809.491:ADV INPATIENT PSYCH,ELECTIVE,ADV INPATIENT PSYCH,MPSY 809
1238,MDCO-MRAD816.317,MDCO-MRAD816.317:INTERVENTIONAL RADIOLOGY,ELECTIVE,INTERVENTIONAL RADIOLOGY,MRAD 816
1237,MDCO-MRAD810.153,MDCO-MRAD810.153:CURRENT CONCEPTS-NUCLEAR MED,ELECTIVE,CURRENT CONCEPTS-NUCLEAR MED,MRAD 810
1236,MDCO-MRAD811.355,MDCO-MRAD811.355:PEDIATRIC IMAGING,ELECTIVE,PEDIATRIC IMAGING,MRAD 811
1235,MDCO-MRAD806.129,MDCO-MRAD806.129:CLINCL RESEARCH DESGN&APPL,ELECTIVE,CLINCL RESEARCH DESGN&APPL,MRAD 806
1234,MDCO-MPSY814.343,MDCO-MPSY814.343:OUTPAT PSYCH-ADDICT MED,ELECTIVE,OUTPAT PSYCH-ADDICT MED,MPSY 814
1232,MDCO-MPSY806.342,MDCO-MPSY806.342:OUTPATIENT PSYCHIATRY,ELECTIVE,OUTPATIENT PSYCHIATRY,MPSY 806
1233,MDCO-MRAD809.182,MDCO-MRAD809.182:NEURORADIOLOGY,ELECTIVE,NEURORADIOLOGY,MRAD 809
1230,MDCO-MPED815.349,MDCO-MPED815.349:PEDIATRIC GASTROENTEROLOLGY,ELECTIVE,PEDIATRIC GASTROENTEROLOLGY,MPED 815
1231,MDCO-MPED840.144,MDCO-MPED840.144:GENERAL PEDIATRICS OUTPATIENT,ELECTIVE,GENERAL PEDIATRICS OUTPATIENT,MPED 840
1226,MDCO-MRAD802.230,MDCO-MRAD802.230:RADIATION ONCOLOGY,ELECTIVE,RADIATION ONCOLOGY,MRAD 802
1229,MDCO-MPSY810.273,MDCO-MPSY810.273:CONSULTATION//LIAISON PSYCH,ELECTIVE,CONSULTATION//LIAISON PSYCH,MPSY 810
1228,MDCO-MPED842.139,MDCO-MPED842.139:EVIDENCE BASED PARENTING,ELECTIVE,EVIDENCE BASED PARENTING,MPED 842
1224,MDCO-MPED823.170,MDCO-MPED823.170:MEDICAL GENETICS,ELECTIVE,MEDICAL GENETICS,MPED 823
1227,MDCO-MRAD807.125,MDCO-MRAD807.125:BODY IMAGING,ELECTIVE,BODY IMAGING,MRAD 807
1225,MDCO-MPED848.213,MDCO-MPED848.213:PEDIATRIC PULMONOLOGY,ELECTIVE,PEDIATRIC PULMONOLOGY,MPED 848
1223,MDCO-MPED846.361,MDCO-MPED846.361:PEDIATRIC RHEUMATOLOGY,ELECTIVE,PEDIATRIC RHEUMATOLOGY,MPED 846
1222,MDCO-MPED834.350,MDCO-MPED834.350:PEDIATRIC COMBINED INPT & EMED,ELECTIVE,PEDIATRIC COMBINED INPT & EMED,MPED 834
1221,MDCO-MPED829.348,MDCO-MPED829.348:PEDIATRIC ACTING INTERNSHIP,ELECTIVE,PEDIATRIC ACTING INTERNSHIP,MPED 829
1220,MDCO-MPED807.487,MDCO-MPED807.487:INFECTIOUS DISEASE,ELECTIVE,INFECTIOUS DISEASE,MPED 807
1219,MDCO-MPED849.161,MDCO-MPED849.161:INPAT PED HEMATOLOGY ONCOLOGY,ELECTIVE,INPAT PED HEMATOLOGY ONCOLOGY,MPED 849
1218,MDCO-MRAD812.492,MDCO-MRAD812.492:RADIATION ONCOLOGY,ELECTIVE,RADIATION ONCOLOGY,MRAD 812
1216,MDCO-MRAD801.276,MDCO-MRAD801.276:DIAGNOSTIC RADIOLOGY,ELECTIVE,DIAGNOSTIC RADIOLOGY,MRAD 801
1217,MDCO-MPSY812.253,MDCO-MPSY812.253:ADULT INPATIENT PSYCHIATRY,ELECTIVE,ADULT INPATIENT PSYCHIATRY,MPSY 812
1214,MDCO-MPED812.210,MDCO-MPED812.210:PED ENDOCRIN & DIABETES,ELECTIVE,PED ENDOCRIN & DIABETES,MPED 812
1213,MDCO-MPED814.346,MDCO-MPED814.346:PED & ADULT IMMUNOLOGY OP CARE,ELECTIVE,PED & ADULT IMMUNOLOGY OP CARE,MPED 814
1215,MDCO-MPSY802.264,MDCO-MPSY802.264:CHILD & ADOLESCENT PSYCHIATRY,ELECTIVE,CHILD & ADOLESCENT PSYCHIATRY,MPSY 802
1212,MDCO-MPED837.250,MDCO-MPED837.250:ADOLESCENT MEDICINE,ELECTIVE,ADOLESCENT MEDICINE,MPED 837
1211,MDCO-MPED801.223,MDCO-MPED801.223:PRIM PEDIATRIC CARE-COMMUNITY,ELECTIVE,PRIM PEDIATRIC CARE-COMMUNITY,MPED 801
1210,MDCO-MPED802.310,MDCO-MPED802.310:NEONATAL INTENSIVE CARE UNIT,ELECTIVE,NEONATAL INTENSIVE CARE UNIT,MPED 802
1209,MDCO-MPAT801.121,MDCO-MPAT801.121:ANATOMIC & CLINICAL PATHOLOGY,ELECTIVE,ANATOMIC & CLINICAL PATHOLOGY,MPAT 801
1208,MDCO-MPSY811.254,MDCO-MPSY811.254:ADVANCED OUTPATIENT,ELECTIVE,ADVANCED OUTPATIENT,MPSY 811
1204,MDCO-MPAT808.486,MDCO-MPAT808.486:CYTOGENOMICS,ELECTIVE,CYTOGENOMICS,MPAT 808
1207,MDCO-MPED806.110,MDCO-MPED806.110:PEDIATRIC INTENSIVE CARE UNIT,ELECTIVE,PEDIATRIC INTENSIVE CARE UNIT,MPED 806
1196,MDCO-MHUM825.387,MDCO-MHUM825.387:SEXUALITY & MEDICINE,ELECTIVE,SEXUALITY & MEDICINE,MHUM 825
1197,MDCO-MPAT805.295,MDCO-MPAT805.295:FORENSIC PATHOLOGY/MED EXAMNR,ELECTIVE,FORENSIC PATHOLOGY/MED EXAMNR,MPAT 805
1206,MDCO-MPED813.212,MDCO-MPED813.212:PEDIATRIC,ELECTIVE,PEDIATRIC,MPED 813
1193,MDCO-MHUM824.402,MDCO-MHUM824.402:MENTAL WELLNESS IN TIMES OF CRISIS,ELECTIVE,MENTAL WELLNESS IN TIMES OF CRISIS,MHUM 824
1205,MDCO-MPED810.488,MDCO-MPED810.488:PEDIATRIC EMERGENCY MEDICINE,ELECTIVE,PEDIATRIC EMERGENCY MEDICINE,MPED 810
1200,MDCO-MPED805.270,MDCO-MPED805.270:CHILD NEUROLOGY,ELECTIVE,CHILD NEUROLOGY,MPED 805
1201,MDCO-MPED809.353,MDCO-MPED809.353:PEDIATRIC DIABETES CAMP,ELECTIVE,PEDIATRIC DIABETES CAMP,MPED 809
1203,MDCO-MPED824.225,MDCO-MPED824.225:PEDIATRIC HEMATOLOGY/ONCOLOGY,ELECTIVE,PEDIATRIC HEMATOLOGY/ONCOLOGY,MPED 824
1192,MDCO-MHUM826.412,MDCO-MHUM826.412:PHYSICIAN AND SOCIETY THROUGH INTERNATIONAL FILMS,ELECTIVE,PHYSICIAN AND SOCIETY THROUGH INTERNATIONAL FILMS,MHUM 826
1194,MDCO-MHUM823.169,MDCO-MHUM823.169:MEDICAL SCHOLARLY RESEARCH,ELECTIVE,MEDICAL SCHOLARLY RESEARCH,MHUM 823
1202,MDCO-MPED804.215,MDCO-MPED804.215:PEDIATRIC CARDIOLOGY,ELECTIVE,PEDIATRIC CARDIOLOGY,MPED 804
1198,MDCO-MHUM827.290,MDCO-MHUM827.290:GLOBAL HEALTH COST RICA,ELECTIVE,GLOBAL HEALTH COST RICA,MHUM 827
1199,MDCO-MHUM989.1.376,MDCO-MHUM989.1.376:SEXUAL ASSAULT ADVOCACY,ELECTIVE,SEXUAL ASSAULT ADVOCACY,MHUM 989.1
1195,MDCO-MHUM829.173,MDCO-MHUM829.173:MEDICAL EDUCATION RESEARCH,ELECTIVE,MEDICAL EDUCATION RESEARCH,MHUM 829
1189,MDCO-MHUM820.263,MDCO-MHUM820.263:BUSINESS OF MED,ELECTIVE,BUSINESS OF MED,MHUM 820
1191,MDCO-MHUM821.366,MDCO-MHUM821.366:RESEARCH PRACTICUM,ELECTIVE,RESEARCH PRACTICUM,MHUM 821
1190,MDCO-MHUM819.176,MDCO-MHUM819.176:MED FOREIGN LANG & CULT COMP,ELECTIVE,MED FOREIGN LANG & CULT COMP,MHUM 819
1188,MDCO-MEID989.9.584,MDCO-MEID989.9.584:INTRO AEROSPACE HEALTH,ELECTIVE,INTRO AEROSPACE HEALTH,MEID 989.9
1187,MDCO-MHUM806.482,MDCO-MHUM806.482:PALLIATIVE MEDICINE,ELECTIVE,PALLIATIVE MEDICINE,MHUM 806
1186,MDCO-MHUM804.168,MDCO-MHUM804.168:MEDICAL EDUCATION,ELECTIVE,MEDICAL EDUCATION,MHUM 804
1184,MDCO-MHUM802.480,MDCO-MHUM802.480:DRCTD RESEARCH IN HIST OF MED,ELECTIVE,DRCTD RESEARCH IN HIST OF MED,MHUM 802
1183,MDCO-MFCM821.478,MDCO-MFCM821.478:FAMILY PRAC CLINIC OUTPATIENT,ELECTIVE,FAMILY PRAC CLINIC OUTPATIENT,MFCM 821
1182,MDCO-MHUM810.370,MDCO-MHUM810.370:SELF AND CULTURE,ELECTIVE,SELF AND CULTURE,MHUM 810
1178,MDCO-MFCM810.149,MDCO-MFCM810.149:HEALTHCARE FOR THE UNDERSERVED,ELECTIVE,HEALTHCARE FOR THE UNDERSERVED,MFCM 810
1181,MDCO-MFCM801.138,MDCO-MFCM801.138:FAMILY MED OUTPATIENT CLINIC,ELECTIVE,FAMILY MED OUTPATIENT CLINIC,MFCM 801
1179,MDCO-MFCM831.123,MDCO-MFCM831.123:APPLIED MEDICAL ETHICS,ELECTIVE,APPLIED MEDICAL ETHICS,MFCM 831
1180,MDCO-MFCM829.296,MDCO-MFCM829.296:FAMILY MED ADVANCE CLINIC ROTA,ELECTIVE,FAMILY MED ADVANCE CLINIC ROTA,MFCM 829
1177,MDCO-MHUM822.304,MDCO-MHUM822.304:INTRODUCTION TO RESEARCH,ELECTIVE,INTRODUCTION TO RESEARCH,MHUM 822
1171,MDCO-MFCM837.364,MDCO-MFCM837.364:RURAL COMMUNITY MEDICINE,ELECTIVE,RURAL COMMUNITY MEDICINE,MFCM 837
1176,MDCO-MHUM815.279,MDCO-MHUM815.279:ESSENTIALS OF LEADERSHIP,ELECTIVE,ESSENTIALS OF LEADERSHIP,MHUM 815
1166,MDCO-MEID989.31.585,MDCO-MEID989.31.585:SVC LEARN OPER LONE STAR,ELECTIVE,SVC LEARN OPER LONE STAR,MEID 989.31
1173,MDCO-MHUM603.174,MDCO-MHUM603.174:MEDICAL SPANISH III,ELECTIVE,MEDICAL SPANISH III,MHUM 603
1174,MDCO-MFCM806.286,MDCO-MFCM806.286:FAMILY MED ACTING INTERNSHIP,ELECTIVE,FAMILY MED ACTING INTERNSHIP,MFCM 806
1175,MDCO-MHUM814.485,MDCO-MHUM814.485:OPERS BORDER HLTH PREPARE,ELECTIVE,OPERS BORDER HLTH PREPARE,MHUM 814
1172,MDCO-MHUM604.315,MDCO-MHUM604.315:MEDICAL SPANISH IV,ELECTIVE,MEDICAL SPANISH IV,MHUM 604
1169,MDCO-MEID840.508,MDCO-MEID840.508:FUTURE DOCTORS HIGH SCHOOL STEM MENTORSHIP,ELECTIVE,FUTURE DOCTORS HIGH SCHOOL STEM MENTORSHIP,MEID 840
1168,MDCO-MFCM802.160,MDCO-MFCM802.160:INDIGENT HEALTH CARE,ELECTIVE,INDIGENT HEALTH CARE,MFCM 802
1170,MDCO-MHUM602.171,MDCO-MHUM602.171:MEDICAL SPANISH II,ELECTIVE,MEDICAL SPANISH II,MHUM 602
1167,MDCO-MFCM838.360,MDCO-MFCM838.360:PUBLIC HEALTH,ELECTIVE,PUBLIC HEALTH,MFCM 838
1163,MDCO-MEID999.178,MDCO-MEID999.178:MEDICINE INTERDISCIPLINARY,ELECTIVE,MEDICINE INTERDISCIPLINARY,MEID 999
1164,MDCO-MEID989.2.377,MDCO-MEID989.2.377:SPECIALTY BOOTCAMP: SURGICAL,ELECTIVE,SPECIALTY BOOTCAMP: SURGICAL,MEID 989.2
1161,MDCO-MHUM808.484,MDCO-MHUM808.484:MEDICAL HISTORY HUMANITIES,ELECTIVE,MEDICAL HISTORY HUMANITIES,MHUM 808
1162,MDCO-MHUM809.299,MDCO-MHUM809.299:HEALTHCARE ADMINISTRATION,ELECTIVE,HEALTHCARE ADMINISTRATION,MHUM 809
1160,MDCO-MHUM807.483,MDCO-MHUM807.483:FELLOWSHIPS IN LEADERSHIP,ELECTIVE,FELLOWSHIPS IN LEADERSHIP,MHUM 807
1156,MDCO-MFCM814.303,MDCO-MFCM814.303:INPATIENT FAM MED ELECTIVE,ELECTIVE,INPATIENT FAM MED ELECTIVE,MFCM 814
1148,MDCO-MEID985.236,MDCO-MEID985.236:SPECIAL TOPIC,ELECTIVE,SPECIAL TOPIC,MEID 985
1153,MDCO-MFCM811.476,MDCO-MFCM811.476:INTENSIVE CARE UNIT,ELECTIVE,INTENSIVE CARE UNIT,MFCM 811
1149,MDCO-MEID989.8.583,MDCO-MEID989.8.583:EMBRACE HEALTH,ELECTIVE,EMBRACE HEALTH,MEID 989.8
1154,MDCO-MHUM601.305,MDCO-MHUM601.305:MEDICAL SPANISH I,ELECTIVE,MEDICAL SPANISH I,MHUM 601
1157,MDCO-MFCM817.477,MDCO-MFCM817.477:INDIGENT HLTH CARE COMM HLTH,ELECTIVE,INDIGENT HLTH CARE COMM HLTH,MFCM 817
1159,MDCO-MEID989.7.582,MDCO-MEID989.7.582:BUSINESS IMMERSION MED,ELECTIVE,BUSINESS IMMERSION MED,MEID 989.7
1152,MDCO-MEID989.32.586,MDCO-MEID989.32.586:SVCLRN IMED IPE RESEARCH,ELECTIVE,SVCLRN IMED IPE RESEARCH,MEID 989.32
1158,MDCO-MHUM803.481,MDCO-MHUM803.481:MED HUMANITIES DIR RESEARCH,ELECTIVE,MED HUMANITIES DIR RESEARCH,MHUM 803
1151,MDCO-MFCM808.395,MDCO-MFCM808.395:WOUND CARE,ELECTIVE,WOUND CARE,MFCM 808
1155,MDCO-MEID837.101,MDCO-MEID837.101:ARTIFICIAL INTELLIGENCE WITH CLINICAL APPLICATIONS,ELECTIVE,ARTIFICIAL INTELLIGENCE WITH CLINICAL APPLICATIONS,MEID 837
1150,MDCO-MEID989.4.373,MDCO-MEID989.4.373:SPECIALTY BOOTCAMP: NON SURGICAL,ELECTIVE,SPECIALTY BOOTCAMP: NON SURGICAL,MEID 989.4
1145,MDCO-MEID835.158,MDCO-MEID835.158:HSS-CASE MGT SOCIAL DETER HLT,ELECTIVE,HSS-CASE MGT SOCIAL DETER HLT,MEID 835
1147,MDCO-MEID989.6.403,MDCO-MEID989.6.403:MEDICINE DENTISTRY IPE,ELECTIVE,MEDICINE DENTISTRY IPE,MEID 989.6
1144,MDCO-MEID834.105,MDCO-MEID834.105:HSS - APPREC OF HOSPITAL OPS,ELECTIVE,HSS - APPREC OF HOSPITAL OPS,MEID 834
1146,MDCO-MEID836.227,MDCO-MEID836.227:PRACTICAL APPLICATION OF EBM,ELECTIVE,PRACTICAL APPLICATION OF EBM,MEID 836
1143,MDCO-MEID825.392,MDCO-MEID825.392:VALUE BASED MEDICINE,ELECTIVE,VALUE BASED MEDICINE,MEID 825
1142,MDCO-MEID100.116,MDCO-MEID100.116:ADMINISTRATIVE TIME,ELECTIVE,ADMINISTRATIVE TIME,MEID 100
1141,MDCO-MEID816.308,MDCO-MEID816.308:INTERPROF DISASTER READINESS,ELECTIVE,INTERPROF DISASTER READINESS,MEID 816
1140,MDCO-MEID817.298,MDCO-MEID817.298:HEALTH SYS SCIENCE - CAPSTONE,ELECTIVE,HEALTH SYS SCIENCE - CAPSTONE,MEID 817
1137,MDCO-MEID820.265,MDCO-MEID820.265:CASE STUDY,ELECTIVE,CASE STUDY,MEID 820
1139,MDCO-MEID832.378,MDCO-MEID832.378:MILITARY TRAINING,ELECTIVE,MILITARY TRAINING,MEID 832
1138,MDCO-MEID806.246,MDCO-MEID806.246:WILDERNESS & DISASTER MEDICINE,ELECTIVE,WILDERNESS & DISASTER MEDICINE,MEID 806
1135,MDCO-MEID824.289,MDCO-MEID824.289:LIFESTYLE MEDICINE & BEHAVIOR,ELECTIVE,LIFESTYLE MEDICINE & BEHAVIOR,MEID 824
1136,MDCO-MEID807.180,MDCO-MEID807.180:INTERNSHIP BOOTCAMP,ELECTIVE,INTERNSHIP BOOTCAMP,MEID 807
1134,MDCO-ITDE642.293,MDCO-ITDE642.293:ENGINEERING IMMERSION III,ELECTIVE,ENGINEERING IMMERSION III,ITDE 642
1133,MDCO-MEID808.244,MDCO-MEID808.244:USMLE STEP 2CK REVIEW & PREP,ELECTIVE,USMLE STEP 2CK REVIEW & PREP,MEID 808
1132,MDCO-MEID829.401,MDCO-MEID829.401:STARS HIGH VALUE CARE,ELECTIVE,STARS HIGH VALUE CARE,MEID 829
1117,MDCO-ITDE640.289,MDCO-ITDE640.289:ENGINEERING IMMERSION I,ELECTIVE,ENGINEERING IMMERSION I,ITDE 640
1129,MDCO-MEID805.371,MDCO-MEID805.371:RESIDENCY & BEYOND,ELECTIVE,RESIDENCY & BEYOND,MEID 805
1130,MDCO-IMED974.277,MDCO-IMED974.277:DERMATOLOGY MODULES,ELECTIVE,DERMATOLOGY MODULES,IMED 974
1131,MDCO-MEID813.465,MDCO-MEID813.465:CLINICAL QUALITY IMPROVEMENT PRACTICUM,ELECTIVE,CLINICAL QUALITY IMPROVEMENT PRACTICUM,MEID 813
1128,MDCO-MEID804.248,MDCO-MEID804.248:ACADEMIC MENTORING,ELECTIVE,ACADEMIC MENTORING,MEID 804
1127,MDCO-MEID830.234,MDCO-MEID830.234:SRVCE LRNING IM/PHRM IPE,ELECTIVE,SRVCE LRNING IM/PHRM IPE,MEID 830
1126,MDCO-MEID814.150,MDCO-MEID814.150:HEALTH SYSTEMS SCIENCE EDU,ELECTIVE,HEALTH SYSTEMS SCIENCE EDU,MEID 814
1119,MDCO-MEID818.359,MDCO-MEID818.359:PRACTICAL APPLICATION OF HSS IN THE CLINICAL SETTING,ELECTIVE,PRACTICAL APPLICATION OF HSS IN THE CLINICAL SETTING,MEID 818
1114,MDCO-MEID810.272,MDCO-MEID810.272:CONNECT-COMM PATIENT PEERS,ELECTIVE,CONNECT-COMM PATIENT PEERS,MEID 810
1125,MDCO-IMED963.322,MDCO-IMED963.322:NEUROLOGY OUTPATIENT,ELECTIVE,NEUROLOGY OUTPATIENT,IMED 963
1121,MDCO-IMED972.381,MDCO-IMED972.381:UNDERSEA & HYPERBARIC MEDICINE,ELECTIVE,UNDERSEA & HYPERBARIC MEDICINE,IMED 972
1123,MDCO-MEID828.280,MDCO-MEID828.280:CRITICAL INQUIRY & RESEARCH,ELECTIVE,CRITICAL INQUIRY & RESEARCH,MEID 828
1122,MDCO-MEID625.376,MDCO-MEID625.376:MILITARY TRAINING,ELECTIVE,MILITARY TRAINING,MEID 625
1120,MDCO-MEID801.300,MDCO-MEID801.300:HLTH CARE ADV & PUBLIC POLICY,ELECTIVE,HLTH CARE ADV & PUBLIC POLICY,MEID 801
1124,MDCO-IMED967.418,MDCO-IMED967.418:DEV ILLNESS SCRIPT COVID-19,ELECTIVE,DEV ILLNESS SCRIPT COVID-19,IMED 967
1112,MDCO-IMED957.333,MDCO-IMED957.333:ONCOLOGY HOSPITAL MEDICINE,ELECTIVE,ONCOLOGY HOSPITAL MEDICINE,IMED 957
1118,MDCO-ITDE641.285,MDCO-ITDE641.285:ENGINEERING IMMERSION II,ELECTIVE,ENGINEERING IMMERSION II,ITDE 641
1115,MDCO-IMED942.266,MDCO-IMED942.266:ANTI MICRO STEWARDSHIP,ELECTIVE,ANTI MICRO STEWARDSHIP,IMED 942
1116,MDCO-MEID101.278,MDCO-MEID101.278:DESIGNATED INTERVIEW TIME,ELECTIVE,DESIGNATED INTERVIEW TIME,MEID 101
1113,MDCO-MEID621.377,MDCO-MEID621.377:MILITARY MEDICINE CLINICAL SHADOWING,ELECTIVE,MILITARY MEDICINE CLINICAL SHADOWING,MEID 621
1111,MDCO-IMED948.209,MDCO-IMED948.209:PALLIATIVE CARE INPATIENT,ELECTIVE,PALLIATIVE CARE INPATIENT,IMED 948
1104,MDCO-IMED920.382,MDCO-IMED920.382:TRANSPLANT HEPATOLOGY,ELECTIVE,TRANSPLANT HEPATOLOGY,IMED 920
1109,MDCO-IMED943.157,MDCO-IMED943.157:INFECT DISEAS ORTHO PAT POPUL,ELECTIVE,INFECT DISEAS ORTHO PAT POPUL,IMED 943
1110,MDCO-IMED947.111,MDCO-IMED947.111:PRIMARY CARE,ELECTIVE,PRIMARY CARE,IMED 947
1102,MDCO-IMED944.287,MDCO-IMED944.287:HEPATOLOGY INPATIENT,ELECTIVE,HEPATOLOGY INPATIENT,IMED 944
1108,MDCO-IMED914.108,MDCO-IMED914.108:OPHTHALMOLOGY,ELECTIVE,OPHTHALMOLOGY,IMED 914
1101,MDCO-IMED956.339,MDCO-IMED956.339:ONCO-MEDICINE,ELECTIVE,ONCO-MEDICINE,IMED 956
1106,MDCO-IMED913.337,MDCO-IMED913.337:ONCOLOGY,ELECTIVE,ONCOLOGY,IMED 913
1100,MDCO-IMED896.177,MDCO-IMED896.177:INTERNAL MEDICINE AI,ELECTIVE,INTERNAL MEDICINE AI,IMED 896
1103,MDCO-IMED934.369,MDCO-IMED934.369:SLEEP MEDICINE,ELECTIVE,SLEEP MEDICINE,IMED 934
1105,MDCO-IMED941.133,MDCO-IMED941.133:CONGESTIVE HEART FAILURE,ELECTIVE,CONGESTIVE HEART FAILURE,IMED 941
1107,MDCO-IMED965.340,MDCO-IMED965.340:NEUROLOGY INPATIENT,ELECTIVE,NEUROLOGY INPATIENT,IMED 965
1099,MDCO-IMED912.164,MDCO-IMED912.164:MALIGNANT HEMATOLOGY,ELECTIVE,MALIGNANT HEMATOLOGY,IMED 912
1097,MDCO-IMED897.417,MDCO-IMED897.417:CRITICAL CARE,ELECTIVE,CRITICAL CARE,IMED 897
1098,MDCO-IMED940.119,MDCO-IMED940.119:AMBULATORY CARDIOLOGY,ELECTIVE,AMBULATORY CARDIOLOGY,IMED 940
1096,MDCO-IMED898.120,MDCO-IMED898.120:AMBULATORY GENERAL MEDICINE,ELECTIVE,AMBULATORY GENERAL MEDICINE,IMED 898
1095,MDCO-IMED884.249,MDCO-IMED884.249:ACADEMIC MEDICINE CLINIC,ELECTIVE,ACADEMIC MEDICINE CLINIC,IMED 884
1094,MDCO-IMED893.374,MDCO-IMED893.374:RESEARCH IN MEDICINE,ELECTIVE,RESEARCH IN MEDICINE,IMED 893
1093,MDCO-IMED890.390,MDCO-IMED890.390:SUB INTERNSHIP MED ONCOLOGY,ELECTIVE,SUB INTERNSHIP MED ONCOLOGY,IMED 890
1092,MDCO-IMED847.411,MDCO-IMED847.411:PULMONARY MEDICINE,ELECTIVE,PULMONARY MEDICINE,IMED 847
1090,MDCO-IMED863.274,MDCO-IMED863.274:COMM BASED GERIATRIC CLINIC,ELECTIVE,COMM BASED GERIATRIC CLINIC,IMED 863
1089,MDCO-IMED852.306,MDCO-IMED852.306:HOSPICE CARE,ELECTIVE,HOSPICE CARE,IMED 852
1091,MDCO-IMED857.564,MDCO-IMED857.564:HEMATOLOGY AND ONCOLOGY OUTPATIENT,ELECTIVE,HEMATOLOGY AND ONCOLOGY OUTPATIENT,IMED 857
1081,MDCO-IMED865.297,MDCO-IMED865.297:GASTROENTEROLOGY & HEPATOLOG,ELECTIVE,GASTROENTEROLOGY & HEPATOLOG,IMED 865
1082,MDCO-IMED850.400,MDCO-IMED850.400:AMBULATORY GEN MED ELECTIVE,ELECTIVE,AMBULATORY GEN MED ELECTIVE,IMED 850
1088,MDCO-IMED895.416,MDCO-IMED895.416:INTENSIVE CARE UNIT,ELECTIVE,INTENSIVE CARE UNIT,IMED 895
1087,MDCO-IMED866.414,MDCO-IMED866.414:CLINICAL NUTRITION,ELECTIVE,CLINICAL NUTRITION,IMED 866
1086,MDCO-IMED882.128,MDCO-IMED882.128:CLINCL ENDOCRINOLOGY-DIABETES,ELECTIVE,CLINCL ENDOCRINOLOGY-DIABETES,IMED 882
1084,MDCO-IMED867.415,MDCO-IMED867.415:PULMONARY CRITICAL CARE MED,ELECTIVE,PULMONARY CRITICAL CARE MED,IMED 867
1083,MDCO-IMED891.354,MDCO-IMED891.354:PULMONARY & SLEEP MED ELECTIVE,ELECTIVE,PULMONARY & SLEEP MED ELECTIVE,IMED 891
1085,MDCO-IMED860.413,MDCO-IMED860.413:ADULT & PED ALLRGY&IMMUN OP,ELECTIVE,ADULT & PED ALLRGY&IMMUN OP,IMED 860
1080,MDCO-IMED869.151,MDCO-IMED869.151:HEMATOLOGY,ELECTIVE,HEMATOLOGY,IMED 869
1078,MDCO-IMED845.409,MDCO-IMED845.409:GASTROENTEROLOGY,ELECTIVE,GASTROENTEROLOGY,IMED 845
1079,MDCO-IMED846.410,MDCO-IMED846.410:NEPHROLOGY CONSULT SERV,ELECTIVE,NEPHROLOGY CONSULT SERV,IMED 846
1077,MDCO-IMED889.135,MDCO-IMED889.135:CLINICAL NEPHROLOGY,ELECTIVE,CLINICAL NEPHROLOGY,IMED 889
1076,MDCO-IMED828.255,MDCO-IMED828.255:ADVANCED LUNG DISEASE I,ELECTIVE,ADVANCED LUNG DISEASE I,IMED 828
1075,MDCO-IMED856.152,MDCO-IMED856.152:HEMATOLOGY/MEDICAL ONCOLOGY,ELECTIVE,HEMATOLOGY/MEDICAL ONCOLOGY,IMED 856
1073,MDCO-IMED844.260,MDCO-IMED844.260:CARDIOLOGY INPATIENT,ELECTIVE,CARDIOLOGY INPATIENT,IMED 844
1071,MDCO-IMED842.156,MDCO-IMED842.156:IMMUNOLOGY ELEM MECH INFLAMTN,ELECTIVE,IMMUNOLOGY ELEM MECH INFLAMTN,IMED 842
1074,MDCO-IMED848.412,MDCO-IMED848.412:AI IN INPATIENT GIM-HOSP SERV,ELECTIVE,AI IN INPATIENT GIM-HOSP SERV,IMED 848
1072,MDCO-IMED841.408,MDCO-IMED841.408:CLINICAL DERMATOLOGY,ELECTIVE,CLINICAL DERMATOLOGY,IMED 841
1069,MDCO-IMED814.102,MDCO-IMED814.102:HEMATOLOGY AND ONCOLOGY,ELECTIVE,HEMATOLOGY AND ONCOLOGY,IMED 814
1068,MDCO-IMED833.134,MDCO-IMED833.134:CLINICAL ENDOCRINOLOGY,ELECTIVE,CLINICAL ENDOCRINOLOGY,IMED 833
1070,MDCO-IMED843.262,MDCO-IMED843.262:CARDIOLOGY OUTPATIENT,ELECTIVE,CARDIOLOGY OUTPATIENT,IMED 843
1067,MDCO-IMED831.314,MDCO-IMED831.314:MEDICAL ICU,ELECTIVE,MEDICAL ICU,IMED 831
1065,MDCO-IMED830.368,MDCO-IMED830.368:RHEUMATOLOGY,ELECTIVE,RHEUMATOLOGY,IMED 830
1066,MDCO-IMED825.344,MDCO-IMED825.344:PALLIATIVE MED & END-OF-LIFE,ELECTIVE,PALLIATIVE MED & END-OF-LIFE,IMED 825
1064,MDCO-IMED840.407,MDCO-IMED840.407:CLINICAL ENDOCRINOLOGY,ELECTIVE,CLINICAL ENDOCRINOLOGY,IMED 840
1063,MDCO-IMED834.130,MDCO-IMED834.130:CLINICAL GASTROENTEROLOGY,ELECTIVE,CLINICAL GASTROENTEROLOGY,IMED 834
1062,MDCO-IMED819.126,MDCO-IMED819.126:BONE MARROW TRANSPLANT,ELECTIVE,BONE MARROW TRANSPLANT,IMED 819
1061,MDCO-IMED823.406,MDCO-IMED823.406:HIV MEDICINE,ELECTIVE,HIV MEDICINE,IMED 823
1060,MDCO-IMED808.217,MDCO-IMED808.217:PHYS MED & REHAB IN/OUT PATNT,ELECTIVE,PHYS MED & REHAB IN/OUT PATNT,IMED 808
1050,MDCO-IMED807.142,MDCO-IMED807.142:GASTROENTEROLOGY,ELECTIVE,GASTROENTEROLOGY,IMED 807
1059,MDCO-IMED824.311,MDCO-IMED824.311:NEUROLOGY,ELECTIVE,NEUROLOGY,IMED 824
1058,MDCO-IMED804.283,MDCO-IMED804.283:DERMATOLOGY,ELECTIVE,DERMATOLOGY,IMED 804
1057,MDCO-IMED810.313,MDCO-IMED810.313:NEUROLOGY,ELECTIVE,NEUROLOGY,IMED 810
1055,MDCO-IMED829.252,MDCO-IMED829.252:ADVANCED LUNG DISEASE II,ELECTIVE,ADVANCED LUNG DISEASE II,IMED 829
1056,MDCO-IMED820.405,MDCO-IMED820.405:CARDIOLOGY IMAGING,ELECTIVE,CARDIOLOGY IMAGING,IMED 820
1051,MDCO-IMED803.267,MDCO-IMED803.267:CLIN CARDIOLOGY & ELECTROCARD,ELECTIVE,CLIN CARDIOLOGY & ELECTROCARD,IMED 803
1052,MDCO-IMED827.384,MDCO-IMED827.384:TRADITIONAL PULMONARY MEDICINE,ELECTIVE,TRADITIONAL PULMONARY MEDICINE,IMED 827
1054,MDCO-IMED806.131,MDCO-IMED806.131:CLINICAL INFECTIOUS DISEASES,ELECTIVE,CLINICAL INFECTIOUS DISEASES,IMED 806
1053,MDCO-IMED805.118,MDCO-IMED805.118:ALLERGY/CLINICAL IMMUNOLOGY,ELECTIVE,ALLERGY/CLINICAL IMMUNOLOGY,IMED 805
1048,MDCO-EMED989.228,MDCO-EMED989.228:SEXUAL ASSAUT FORENSICS,ELECTIVE,SEXUAL ASSAUT FORENSICS,EMED 989
1049,MDCO-EMED818.235,MDCO-EMED818.235:SEXUAL ASSAUT FORENSICS,ELECTIVE,SEXUAL ASSAUT FORENSICS,EMED 818
1047,MDCO-ANES810.345,MDCO-ANES810.345:PEDIATRIC ANESTHESIOLOGY,ELECTIVE,PEDIATRIC ANESTHESIOLOGY,ANES 810
1046,MDCO-EMED817.214,MDCO-EMED817.214:PEDIATRIC EMERGENCY MEDICINE,ELECTIVE,PEDIATRIC EMERGENCY MEDICINE,EMED 817
1045,MDCO-EMED811.127,MDCO-EMED811.127:CAREER EXPLORATION- EMERG MED,ELECTIVE,CAREER EXPLORATION- EMERG MED,EMED 811
1040,MDCO-ANES805.328,MDCO-ANES805.328:OBSTETRIC ANESTHESIOLOGY,ELECTIVE,OBSTETRIC ANESTHESIOLOGY,ANES 805
1042,MDCO-MEID691.229,MDCO-MEID691.229:RESEARCH,PRECLERKSHIP,RESEARCH,MEID 691
1038,MDCO-MEID751.365,MDCO-MEID751.365:REFRAMING CLINICAL CARE,PRECLERKSHIP,REFRAMING CLINICAL CARE,MEID 751
1037,MDCO-MEID605.141,MDCO-MEID605.141:FOUNDATIONS OF MEDICINE I,PRECLERKSHIP,FOUNDATIONS OF MEDICINE I,MEID 605
1044,MDCO-EMED809.221,MDCO-EMED809.221:POINT OF CARE ULTRASOUND,ELECTIVE,POINT OF CARE ULTRASOUND,EMED 809
1043,MDCO-EMED807.239,MDCO-EMED807.239:TOXICOLOGY,ELECTIVE,TOXICOLOGY,EMED 807
1041,MDCO-ANES802.404,MDCO-ANES802.404:ANESTHESIOLOGY,ELECTIVE,ANESTHESIOLOGY,ANES 802
1039,MDCO-MEID708.167,MDCO-MEID708.167:INTEGUMENT MUSCULOSKELETAL,PRECLERKSHIP,INTEGUMENT MUSCULOSKELETAL,MEID 708
1036,MDCO-MEID713.242,MDCO-MEID713.242:TRANSITION TO CLERKSHIP,PRECLERKSHIP,TRANSITION TO CLERKSHIP,MEID 713
1035,MDCO-MEID712.356,MDCO-MEID712.356:POM III,PRECLERKSHIP,POM III,MEID 712
1034,MDCO-MEID711.147,MDCO-MEID711.147:EVIDENCE BASED MEDICINE,PRECLERKSHIP,EVIDENCE BASED MEDICINE,MEID 711
1032,MDCO-ANES803.122,MDCO-ANES803.122:ANESTHESIOLOGY CRITICAL CARE,ELECTIVE,ANESTHESIOLOGY CRITICAL CARE,ANES 803
1033,MDCO-EMED804.281,MDCO-EMED804.281:EMERGENCY MEDICINE,ELECTIVE,EMERGENCY MEDICINE,EMED 804
1031,MDCO-MEID685.136,MDCO-MEID685.136:DIRECTED STUDIES,PRECLERKSHIP,DIRECTED STUDIES,MEID 685
1030,MDCO-MEID701.104,MDCO-MEID701.104:HEMATOLOGY/ONCOLOGY,PRECLERKSHIP,HEMATOLOGY/ONCOLOGY,MEID 701
1028,MDCO-MEID750.103,MDCO-MEID750.103:FOUNDATIONS IN HEALTH SYSTEMS,PRECLERKSHIP,FOUNDATIONS IN HEALTH SYSTEMS,MEID 750
1027,MDCO-MEID707.137,MDCO-MEID707.137:ENDO & REPRO SCI,PRECLERKSHIP,ENDO & REPRO SCI,MEID 707
1029,MDCO-ANES801.268,MDCO-ANES801.268:CLINICAL ANESTHESIOLOGY,ELECTIVE,CLINICAL ANESTHESIOLOGY,ANES 801
1026,MDCO-MEID618.316,MDCO-MEID618.316:MEDICAL STUDENT GRAND ROUNDS,PRECLERKSHIP,MEDICAL STUDENT GRAND ROUNDS,MEID 618
1025,MDCO-MEID706.312,"MDCO-MEID706.312:METABOLISM, GI, NUTRITION",PRECLERKSHIP,"METABOLISM, GI, NUTRITION",MEID 706
1024,MDCO-MEID617.385,MDCO-MEID617.385:RESPIRATORY,PRECLERKSHIP,RESPIRATORY,MEID 617
1023,MDCO-MEID620.358,MDCO-MEID620.358:PRACTICE OF MEDICINE II,PRECLERKSHIP,PRACTICE OF MEDICINE II,MEID 620
1021,MDCO-OBGY800.327,MDCO-OBGY800.327:OBSTETRICS & GYNCLGY CLERKSHIP,CLERKSHIP,OBSTETRICS & GYNCLGY CLERKSHIP,OBGY 800
1022,MDCO-NEXT800.185,MDCO-NEXT800.185:NEUROLOGY CLERKSHIP,CLERKSHIP,NEUROLOGY CLERKSHIP,NEXT 800
1020,MDCO-MEID622.372,MDCO-MEID622.372:RURAL COMMUNITY MEDICINE SHADOWING,PRECLERKSHIP,RURAL COMMUNITY MEDICINE SHADOWING,MEID 622
1017,MDCO-SURG800.237,MDCO-SURG800.237:SURGERY CLERKSHIP,CLERKSHIP,SURGERY CLERKSHIP,SURG 800
1018,MDCO-MEID609.163,MDCO-MEID609.163:INTRODUCTION TO DISEASE,PRECLERKSHIP,INTRODUCTION TO DISEASE,MEID 609
1019,MDCO-MEID606.145,MDCO-MEID606.145:FOUNDATIONS OF MEDICINE II,PRECLERKSHIP,FOUNDATIONS OF MEDICINE II,MEID 606
1016,MDCO-ANES807.341,MDCO-ANES807.341:PAIN CLINIC,ELECTIVE,PAIN CLINIC,ANES 807
1015,MDCO-EMED805.362,MDCO-EMED805.362:PRE-HOSPITAL MEDICINE (EMS),ELECTIVE,PRE-HOSPITAL MEDICINE (EMS),EMED 805
1011,MDCO-MEID822.363,MDCO-MEID822.363:POM V,CORE,POM V,MEID 822
1008,MDCO-MPED800.112,MDCO-MPED800.112:PEDIATRICS CLERKSHIP,CLERKSHIP,PEDIATRICS CLERKSHIP,MPED 800
1012,MDCO-MEID619.226,MDCO-MEID619.226:PRACTICE OF MEDICINE I,PRECLERKSHIP,PRACTICE OF MEDICINE I,MEID 619
1014,MDCO-MEID704.113,MDCO-MEID704.113:RENAL GENITOURINARY,PRECLERKSHIP,RENAL GENITOURINARY,MEID 704
1013,MDCO-MEID616.258,MDCO-MEID616.258:CARDIOVASCULAR,PRECLERKSHIP,CARDIOVASCULAR,MEID 616
1003,MDCO-IMED800.175,MDCO-IMED800.175:INTERNAL MEDICINE CLERKSHIP,CLERKSHIP,INTERNAL MEDICINE CLERKSHIP,IMED 800
1006,MDCO-MRAD800.367,MDCO-MRAD800.367:RADIOLOGY CLERKSHIP,CLERKSHIP,RADIOLOGY CLERKSHIP,MRAD 800
1004,MDCO-MEID821.219,MDCO-MEID821.219:POM IV,CORE,POM IV,MEID 821
1009,MDCO-MEID608.325,MDCO-MEID608.325:NEUROSCIENCE,PRECLERKSHIP,NEUROSCIENCE,MEID 608
1010,MDCO-MPSY800.224,MDCO-MPSY800.224:PSYCHIATRY CLERKSHIP,CLERKSHIP,PSYCHIATRY CLERKSHIP,MPSY 800
1007,MDCO-MEID823.222,MDCO-MEID823.222:POM VI INTERPROF SOC & ETH DIL,CORE,POM VI INTERPROF SOC & ETH DIL,MEID 823
1005,MDCO-MFCM800.140,MDCO-MFCM800.140:FAMILY MEDICINE CLERKSHIP,CLERKSHIP,FAMILY MEDICINE CLERKSHIP,MFCM 800
1002,MDCO-MEID607.181,MDCO-MEID607.181:MEDICAL GROSS ANATOMY,PRECLERKSHIP,MEDICAL GROSS ANATOMY,MEID 607
1001,MDCO-MEID850.357,MDCO-MEID850.357:POM CAPSTONE,CORE,POM CAPSTONE,MEID 850
1000,MDCO-EMED800.284,MDCO-EMED800.284:EMERGENCY MEDICINE CLERKSHIP,CLERKSHIP,EMERGENCY MEDICINE CLERKSHIP,EMED 800